Date,Store_ID,Product_ID,Daily_Sale,Promotion,Holiday,Revenue,Store_Size,Store_Location_Type,Day_of_Week,Year,Total_Daily_Revenue
2023-04-07,2,105,233,0,0,10653.89,Medium,Urban,Friday,2023,12207.81
2023-02-10,5,103,384,0,1,10774.57,Medium,Suburban,Friday,2023,11019.8
2023-02-16,5,104,360,0,1,4642.82,Medium,Rural,Thursday,2023,3992.35
2023-01-26,4,104,478,1,0,7065.82,Small,Suburban,Thursday,2023,7169.85
2023-02-13,3,104,52,1,0,2163.91,Large,Rural,Monday,2023,2398.38
2023-04-10,2,104,279,1,1,6543.5,Small,Rural,Monday,2023,6185.79
2023-02-02,5,104,456,1,1,5020.96,Large,Urban,Thursday,2023,5089.29
2023-03-07,4,103,97,0,0,1387.57,Medium,Rural,Tuesday,2023,1339.68
2023-02-03,3,103,439,1,0,6266.45,Large,Suburban,Friday,2023,5245.1
2023-02-07,1,101,413,0,1,10675.87,Small,Urban,Tuesday,2023,12261.14
2023-01-26,3,101,427,0,1,8449.06,Small,Suburban,Thursday,2023,7606.06
2023-02-13,3,103,351,0,0,5712.92,Small,Rural,Monday,2023,5420.81
2023-02-19,5,103,360,1,0,7801.0,Medium,Rural,Sunday,2023,9350.02
2023-01-30,3,105,447,0,0,6815.73,Large,Rural,Monday,2023,6540.8
2023-03-06,1,101,470,0,1,5574.82,Medium,Rural,Monday,2023,5312.71
2023-03-21,3,103,119,0,0,5826.86,Medium,Suburban,Tuesday,2023,6567.41
2023-02-05,5,101,198,0,0,6982.53,Medium,Urban,Sunday,2023,5965.52
2023-04-02,1,104,492,0,1,6600.86,Medium,Urban,Sunday,2023,7497.99
2023-01-27,5,103,381,0,0,4428.92,Large,Rural,Friday,2023,3846.69
2023-02-19,4,102,165,0,0,3082.32,Medium,Suburban,Sunday,2023,2973.78
2023-02-19,2,101,390,1,1,13967.55,Small,Urban,Sunday,2023,14302.85
2023-01-13,4,105,312,0,1,10301.14,Medium,Urban,Friday,2023,10990.94
2023-02-02,4,101,495,1,0,10768.43,Large,Rural,Thursday,2023,12181.24
2023-02-01,2,105,477,0,1,23738.35,Large,Urban,Wednesday,2023,23379.3
2023-02-19,2,103,322,1,1,10470.62,Medium,Rural,Sunday,2023,9810.47
2023-01-12,3,102,76,1,1,1772.53,Small,Urban,Thursday,2023,1948.22
2023-01-13,3,102,470,1,1,15140.09,Large,Suburban,Friday,2023,17186.87
2023-01-18,1,104,324,1,0,14228.82,Small,Rural,Wednesday,2023,12808.19
2023-02-06,1,104,445,1,0,21157.69,Large,Urban,Monday,2023,23618.17
2023-02-16,2,103,200,0,0,2311.85,Large,Rural,Thursday,2023,1857.35
2023-04-08,1,102,422,1,1,14986.22,Large,Rural,Saturday,2023,14612.12
2023-04-08,2,103,126,1,0,4494.56,Medium,Urban,Saturday,2023,4454.97
2023-01-08,5,101,363,1,1,13763.35,Large,Urban,Sunday,2023,13273.05
2023-01-18,5,101,386,1,1,10060.48,Large,Suburban,Wednesday,2023,8480.89
2023-01-05,3,103,161,0,1,5367.84,Medium,Suburban,Thursday,2023,4564.92
2023-02-06,1,101,326,0,0,7194.05,Large,Suburban,Monday,2023,7501.47
2023-01-29,5,101,361,0,0,17174.32,Small,Suburban,Sunday,2023,18006.24
2023-01-25,1,102,116,1,1,1486.71,Large,Urban,Wednesday,2023,1577.6
2023-03-01,2,102,467,0,1,13346.75,Medium,Suburban,Wednesday,2023,15857.65
2023-01-23,3,105,243,1,0,5451.7,Medium,Urban,Monday,2023,5077.74
2023-03-08,2,102,122,0,1,1732.67,Large,Urban,Wednesday,2023,2051.06
2023-02-01,2,101,53,1,1,1122.72,Small,Suburban,Wednesday,2023,1108.07
2023-03-21,5,102,182,0,1,3638.08,Small,Urban,Tuesday,2023,2968.39
2023-03-31,5,104,499,1,1,18059.9,Medium,Urban,Friday,2023,16790.5
2023-02-07,3,101,399,0,1,11019.62,Large,Rural,Tuesday,2023,12957.34
2023-03-13,2,105,212,0,1,8951.87,Medium,Suburban,Monday,2023,10635.71
2023-03-05,1,104,376,0,1,10843.49,Small,Urban,Sunday,2023,8775.61
2023-03-16,1,101,284,1,0,8290.43,Large,Urban,Thursday,2023,8147.91
2023-01-20,2,104,187,0,1,7827.56,Medium,Urban,Friday,2023,8574.84
2023-04-05,2,104,156,0,0,6708.21,Large,Urban,Wednesday,2023,7219.46
2023-04-05,3,104,52,0,1,871.68,Medium,Suburban,Wednesday,2023,932.17
2023-02-21,5,102,473,1,1,21551.69,Medium,Suburban,Tuesday,2023,22624.81
2023-02-19,2,104,218,1,1,6642.53,Large,Rural,Sunday,2023,5921.57
2023-02-10,4,104,170,0,1,6574.62,Large,Suburban,Friday,2023,5394.27
2023-01-17,5,102,207,1,1,5948.24,Small,Suburban,Tuesday,2023,5362.68
2023-04-09,5,103,422,0,0,15649.68,Large,Urban,Sunday,2023,17439.91
2023-03-19,1,101,165,0,1,5919.92,Small,Suburban,Sunday,2023,5025.94
2023-03-24,4,101,90,1,0,3953.4,Small,Suburban,Friday,2023,4332.03
2023-01-13,3,103,94,1,0,4141.27,Small,Urban,Friday,2023,3332.05
2023-01-26,5,104,249,0,1,8795.9,Small,Suburban,Thursday,2023,7889.11
2023-01-22,3,102,52,1,1,1325.89,Medium,Rural,Sunday,2023,1436.59
2023-03-23,4,104,197,0,0,7449.82,Small,Suburban,Thursday,2023,7147.8
2023-01-24,4,104,225,0,1,6425.17,Large,Urban,Tuesday,2023,6533.05
2023-01-15,5,103,198,0,0,3113.58,Medium,Suburban,Sunday,2023,3211.25
2023-03-30,5,102,171,0,0,4379.08,Large,Suburban,Thursday,2023,4017.15
2023-01-11,3,105,424,1,1,18330.73,Small,Suburban,Wednesday,2023,16097.77
2023-02-23,3,101,99,0,0,3384.59,Medium,Suburban,Thursday,2023,3075.73
2023-02-16,2,101,445,0,0,11636.28,Medium,Suburban,Thursday,2023,11121.68
2023-02-25,1,105,244,0,1,12022.46,Large,Suburban,Saturday,2023,10838.78
2023-02-20,5,105,357,0,1,5163.95,Large,Suburban,Monday,2023,5967.39
2023-02-13,2,104,482,1,1,15239.15,Small,Suburban,Monday,2023,17064.1
2023-03-28,3,102,60,0,0,2488.51,Large,Urban,Tuesday,2023,2708.41
2023-03-25,3,104,429,1,0,11127.66,Medium,Suburban,Saturday,2023,13249.03
2023-02-21,4,103,215,0,1,5794.0,Large,Rural,Tuesday,2023,4740.25
2023-03-14,2,103,90,0,1,3027.34,Small,Rural,Tuesday,2023,3182.09
2023-03-02,1,105,276,0,1,4318.61,Medium,Suburban,Thursday,2023,4253.81
2023-01-08,5,101,199,0,1,2535.75,Large,Rural,Sunday,2023,2532.15
2023-01-02,4,105,109,1,1,4393.73,Medium,Suburban,Monday,2023,5145.88
2023-02-24,2,103,213,1,1,4131.3,Medium,Urban,Friday,2023,4429.5
2023-01-13,3,105,431,0,0,14055.35,Large,Urban,Friday,2023,11998.13
2023-01-28,2,105,144,0,0,1948.83,Small,Suburban,Saturday,2023,1891.84
2023-01-31,2,103,354,0,0,5391.35,Small,Suburban,Tuesday,2023,5853.98
2023-03-11,3,105,231,1,1,10118.31,Large,Rural,Saturday,2023,8943.8
2023-02-08,4,104,80,0,1,1464.74,Large,Rural,Wednesday,2023,1500.39
2023-02-05,5,102,239,0,0,4828.19,Large,Suburban,Sunday,2023,5529.51
2023-01-06,2,104,305,0,0,11869.99,Small,Urban,Friday,2023,14050.49
2023-01-14,5,101,76,1,1,2747.87,Small,Suburban,Saturday,2023,3000.38
2023-01-23,5,105,289,1,0,6918.95,Large,Suburban,Monday,2023,6317.65
2023-03-08,1,101,300,1,1,10618.61,Large,Urban,Wednesday,2023,11339.26
2023-04-02,5,103,114,1,1,5046.17,Medium,Rural,Sunday,2023,4172.29
2023-01-30,4,104,429,1,1,19186.11,Medium,Urban,Monday,2023,17087.35
2023-01-30,2,104,173,1,1,7219.42,Medium,Suburban,Monday,2023,8519.28
2023-03-18,2,103,401,1,1,12695.63,Medium,Rural,Saturday,2023,11586.33
2023-03-20,2,102,489,1,0,17145.75,Medium,Urban,Monday,2023,14702.1
2023-02-25,4,103,267,1,1,10616.18,Large,Rural,Saturday,2023,11068.04
2023-01-23,4,105,93,0,1,3155.26,Large,Rural,Monday,2023,3301.28
2023-02-07,2,105,245,0,0,4593.38,Small,Urban,Tuesday,2023,4290.81
2023-04-07,5,104,428,1,0,15868.79,Small,Suburban,Friday,2023,17341.25
2023-03-11,3,102,162,1,1,2508.96,Small,Urban,Saturday,2023,2285.14
2023-02-17,4,103,261,0,1,6640.97,Small,Urban,Friday,2023,6397.8
2023-03-23,1,102,202,1,0,4089.74,Medium,Suburban,Thursday,2023,3652.14
2023-03-14,4,105,157,1,1,6895.8,Small,Suburban,Tuesday,2023,5670.81
2023-01-14,5,105,219,1,1,8318.26,Small,Suburban,Saturday,2023,9405.41
2023-03-29,3,104,244,1,0,8063.93,Medium,Rural,Wednesday,2023,9360.52
2023-03-22,4,102,356,1,0,10401.33,Medium,Suburban,Wednesday,2023,11980.55
2023-01-10,5,105,452,1,1,9718.15,Large,Suburban,Tuesday,2023,7912.15
2023-02-08,1,103,361,0,1,8513.41,Medium,Rural,Wednesday,2023,8223.7
2023-01-03,4,103,95,0,1,1871.31,Medium,Urban,Tuesday,2023,1642.44
2023-01-26,3,101,306,0,0,13621.18,Small,Urban,Thursday,2023,15376.68
2023-02-28,1,104,274,0,0,9440.74,Small,Suburban,Tuesday,2023,10287.76
2023-02-24,1,103,53,0,0,1111.87,Medium,Urban,Friday,2023,1190.88
2023-01-20,1,105,265,1,1,8715.13,Medium,Suburban,Friday,2023,10172.51
2023-02-10,5,101,245,1,1,7492.19,Small,Suburban,Friday,2023,8941.72
2023-01-11,5,104,422,1,1,5989.79,Large,Suburban,Wednesday,2023,6239.56
2023-02-23,4,105,178,0,1,5209.53,Small,Suburban,Thursday,2023,6232.82
2023-02-26,2,104,203,1,0,9068.23,Small,Rural,Sunday,2023,9528.79
2023-04-02,3,103,280,1,1,4299.28,Small,Suburban,Sunday,2023,3579.17
2023-01-05,4,103,180,1,0,8321.6,Small,Rural,Thursday,2023,7469.28
2023-02-06,4,105,434,0,1,8333.34,Small,Rural,Monday,2023,8354.56
2023-02-08,2,104,248,1,0,3098.18,Small,Rural,Wednesday,2023,2900.16
2023-02-15,3,101,464,0,0,18358.33,Medium,Rural,Wednesday,2023,16477.87
2023-02-01,1,101,381,1,1,12767.64,Large,Suburban,Wednesday,2023,12527.95
2023-03-05,1,105,68,0,1,2082.36,Large,Urban,Sunday,2023,2150.22
2023-01-11,1,105,151,0,1,5029.83,Small,Rural,Wednesday,2023,5855.15
2023-01-03,1,102,220,1,0,8529.89,Small,Rural,Tuesday,2023,7630.15
2023-01-16,3,105,114,1,1,5299.43,Medium,Rural,Monday,2023,5839.91
2023-01-30,2,104,393,0,0,4537.55,Large,Urban,Monday,2023,4997.4
2023-02-19,5,103,452,1,0,13789.19,Small,Rural,Sunday,2023,13354.01
2023-04-06,1,103,288,1,0,7869.2,Large,Rural,Thursday,2023,7903.5
2023-01-07,1,105,415,1,1,15924.99,Small,Rural,Saturday,2023,13003.65
2023-01-20,1,105,159,0,1,5075.7,Medium,Rural,Friday,2023,4192.66
2023-03-25,4,105,225,1,1,6001.55,Small,Suburban,Saturday,2023,5955.42
2023-02-25,3,103,408,0,0,18361.27,Large,Suburban,Saturday,2023,21785.63
2023-01-29,2,102,357,1,1,12938.69,Large,Rural,Sunday,2023,12495.41
2023-03-16,4,104,79,1,0,3044.83,Small,Rural,Thursday,2023,3084.44
2023-02-27,5,103,135,0,1,5443.46,Large,Suburban,Monday,2023,5791.95
2023-02-21,4,101,418,0,1,14474.91,Large,Rural,Tuesday,2023,16278.31
2023-01-09,4,101,137,1,1,3953.32,Large,Suburban,Monday,2023,3998.23
2023-02-18,2,105,313,1,1,14895.55,Medium,Suburban,Saturday,2023,12930.97
2023-03-19,1,104,436,1,1,21492.9,Small,Rural,Sunday,2023,18690.08
2023-03-31,3,103,228,0,1,7960.01,Large,Urban,Friday,2023,6762.65
2023-02-17,1,102,419,0,1,14820.56,Medium,Suburban,Friday,2023,15945.66
2023-02-03,3,105,415,0,0,16039.22,Small,Urban,Friday,2023,14169.61
2023-04-09,5,102,186,1,0,6917.83,Large,Rural,Sunday,2023,8200.1
2023-01-28,4,102,488,0,0,16583.25,Small,Rural,Saturday,2023,13797.67
2023-01-02,3,101,56,1,1,1784.92,Small,Suburban,Monday,2023,2133.56
2023-02-26,5,102,130,1,0,4165.18,Medium,Urban,Sunday,2023,3445.83
2023-02-04,2,102,469,1,0,9731.12,Medium,Rural,Saturday,2023,10061.24
2023-03-28,4,104,136,1,0,6230.62,Small,Suburban,Tuesday,2023,5091.45
2023-01-13,4,103,171,1,1,6657.26,Large,Rural,Friday,2023,7688.99
2023-03-20,1,102,292,1,0,6464.25,Small,Suburban,Monday,2023,6525.67
2023-01-29,2,104,135,0,0,4700.75,Medium,Rural,Sunday,2023,4988.05
2023-03-19,4,101,61,0,0,710.66,Small,Rural,Sunday,2023,836.5
2023-02-25,3,104,461,1,0,14714.45,Medium,Rural,Saturday,2023,11963.18
2023-02-02,1,102,488,1,0,9493.59,Large,Urban,Thursday,2023,9945.13
2023-01-09,3,101,129,0,1,2001.12,Medium,Urban,Monday,2023,2066.52
2023-02-14,2,104,211,1,1,4396.44,Large,Urban,Tuesday,2023,5081.03
2023-04-07,4,101,306,0,1,5163.4,Medium,Rural,Friday,2023,5990.91
2023-01-25,3,102,78,0,1,2967.17,Medium,Suburban,Wednesday,2023,2912.15
2023-03-08,5,103,204,0,1,4442.54,Large,Urban,Wednesday,2023,3605.98
2023-02-02,4,104,147,1,0,7075.46,Small,Rural,Thursday,2023,7545.6
2023-01-11,5,105,142,1,1,1649.42,Medium,Rural,Wednesday,2023,1515.78
2023-02-10,1,103,174,1,0,2535.09,Small,Rural,Friday,2023,2680.91
2023-01-04,4,105,192,0,0,3698.42,Medium,Urban,Wednesday,2023,4307.86
2023-01-16,4,105,455,1,0,20473.37,Large,Urban,Monday,2023,19377.91
2023-03-08,4,102,350,1,1,5593.75,Medium,Rural,Wednesday,2023,5450.44
2023-03-23,1,102,274,0,1,3866.08,Large,Rural,Thursday,2023,3657.14
2023-02-22,4,103,331,0,0,7172.14,Medium,Suburban,Wednesday,2023,6957.16
2023-03-11,3,103,299,0,0,4872.86,Medium,Rural,Saturday,2023,4992.97
2023-02-22,5,101,147,0,1,2841.65,Small,Rural,Wednesday,2023,2944.33
2023-03-13,3,101,52,1,1,770.52,Medium,Suburban,Monday,2023,849.7
2023-04-02,4,103,124,1,0,4163.07,Medium,Suburban,Sunday,2023,4796.16
2023-03-18,4,101,53,0,0,831.47,Large,Suburban,Saturday,2023,945.34
2023-01-30,5,104,286,1,0,6257.49,Large,Urban,Monday,2023,6306.8
2023-02-02,4,102,319,1,1,4719.63,Large,Suburban,Thursday,2023,4095.37
2023-03-25,1,104,205,1,0,5773.05,Medium,Suburban,Saturday,2023,5639.3
2023-03-21,5,104,216,0,0,4923.61,Large,Rural,Tuesday,2023,5469.65
2023-03-13,4,102,430,1,1,8599.65,Large,Urban,Monday,2023,9074.95
2023-03-08,5,101,418,0,0,8777.98,Medium,Rural,Wednesday,2023,10317.09
2023-04-03,4,103,220,0,1,3419.06,Small,Rural,Monday,2023,3198.28
2023-04-01,1,102,174,1,1,5576.93,Medium,Rural,Saturday,2023,5550.71
2023-04-04,1,104,240,0,1,3791.53,Large,Rural,Tuesday,2023,3920.12
2023-03-26,5,101,396,0,1,16685.31,Large,Urban,Sunday,2023,14244.27
2023-01-29,4,103,223,0,1,5573.72,Large,Suburban,Sunday,2023,6527.43
2023-01-19,2,105,408,1,0,10983.32,Large,Urban,Thursday,2023,12181.15
2023-02-20,4,104,393,0,1,11731.7,Medium,Urban,Monday,2023,11105.77
2023-02-07,1,103,258,0,0,9991.57,Medium,Suburban,Tuesday,2023,8293.39
2023-02-09,5,105,453,1,0,7986.62,Medium,Suburban,Thursday,2023,9434.33
2023-03-22,4,104,212,1,1,3043.89,Large,Rural,Wednesday,2023,3461.57
2023-03-13,5,105,103,0,1,2774.22,Large,Suburban,Monday,2023,3007.14
2023-02-22,3,105,359,1,1,4840.61,Small,Suburban,Wednesday,2023,5616.53
2023-03-22,5,101,479,1,1,11329.65,Small,Rural,Wednesday,2023,12438.22
2023-02-02,4,103,175,1,1,7144.37,Small,Urban,Thursday,2023,7202.08
2023-02-19,3,102,358,0,0,3585.55,Medium,Suburban,Sunday,2023,3281.75
2023-03-21,1,101,184,1,1,2066.15,Small,Rural,Tuesday,2023,2097.33
2023-03-28,3,101,375,0,0,6029.35,Medium,Suburban,Tuesday,2023,6573.9
2023-03-19,1,105,240,1,1,9066.33,Medium,Suburban,Sunday,2023,10340.06
2023-03-13,1,104,154,1,0,7638.98,Large,Suburban,Monday,2023,7189.11
2023-01-09,5,105,223,0,0,4892.7,Medium,Suburban,Monday,2023,5208.64
2023-01-22,4,103,63,0,1,2878.04,Small,Suburban,Sunday,2023,2892.88
2023-03-09,2,104,400,0,0,15180.43,Medium,Rural,Thursday,2023,15245.24
2023-04-04,5,101,326,1,1,11729.47,Medium,Suburban,Tuesday,2023,12857.46
2023-02-12,1,102,366,1,1,10026.15,Small,Rural,Sunday,2023,10543.87
2023-01-02,2,101,138,0,0,3266.69,Large,Suburban,Monday,2023,3094.7
2023-01-12,1,103,170,1,1,2293.41,Small,Rural,Thursday,2023,2666.27
2023-02-27,4,101,446,1,1,17104.7,Small,Suburban,Monday,2023,18694.26
2023-03-27,2,102,231,1,0,6148.37,Medium,Suburban,Monday,2023,6897.48
2023-03-23,1,104,378,1,0,11700.1,Small,Rural,Thursday,2023,13603.37
2023-01-28,2,102,159,0,0,1870.27,Large,Urban,Saturday,2023,1718.87
2023-03-09,5,101,165,1,0,3034.69,Small,Urban,Thursday,2023,3412.19
2023-02-07,2,101,128,0,0,5674.92,Large,Rural,Tuesday,2023,6174.11
2023-01-23,2,103,138,1,0,4900.98,Medium,Rural,Monday,2023,4339.64
2023-04-05,5,102,460,0,0,21203.68,Large,Urban,Wednesday,2023,22089.78
2023-04-07,1,104,103,1,1,4106.08,Small,Suburban,Friday,2023,4362.83
2023-04-03,1,101,423,1,0,16753.37,Medium,Rural,Monday,2023,17549.5
2023-03-03,2,104,450,0,1,21947.77,Medium,Urban,Friday,2023,25333.87
2023-03-28,2,103,308,1,1,5857.53,Small,Rural,Tuesday,2023,5273.87
2023-02-20,5,102,298,0,0,8047.42,Medium,Suburban,Monday,2023,6718.58
2023-01-09,5,105,343,0,1,6580.95,Medium,Urban,Monday,2023,6083.22
2023-04-01,4,103,79,1,1,3131.49,Medium,Urban,Saturday,2023,2516.25
2023-03-20,3,103,78,0,0,2970.98,Small,Suburban,Monday,2023,3537.96
2023-01-31,5,103,311,1,1,5277.24,Small,Rural,Tuesday,2023,4814.34
2023-02-11,1,101,65,1,0,2041.31,Medium,Rural,Saturday,2023,2088.42
2023-02-10,1,101,181,0,1,7560.89,Medium,Suburban,Friday,2023,9017.38
2023-01-03,4,102,404,0,0,5748.58,Large,Rural,Tuesday,2023,5381.46
2023-04-06,4,102,95,0,0,2601.13,Medium,Urban,Thursday,2023,2562.41
2023-03-19,1,103,445,0,0,21624.0,Small,Rural,Sunday,2023,21226.18
2023-03-16,1,101,272,0,0,4773.93,Medium,Suburban,Thursday,2023,3823.79
2023-04-02,1,104,180,1,0,2338.87,Small,Suburban,Sunday,2023,2314.61
2023-01-05,3,102,268,0,1,8008.41,Medium,Suburban,Thursday,2023,7040.07
2023-02-02,3,103,361,1,1,17402.42,Medium,Suburban,Thursday,2023,14890.41
2023-01-23,4,105,205,0,0,8463.03,Small,Rural,Monday,2023,9266.15
2023-04-04,5,101,314,1,0,12186.59,Medium,Rural,Tuesday,2023,11764.91
2023-02-27,1,102,162,0,0,3562.3,Medium,Suburban,Monday,2023,3433.52
2023-01-30,2,102,498,0,0,13629.78,Medium,Rural,Monday,2023,12697.69
2023-04-03,5,104,84,1,1,3939.64,Large,Rural,Monday,2023,3280.72
2023-01-05,1,101,109,1,1,3329.26,Small,Rural,Thursday,2023,3563.79
2023-02-22,5,103,169,0,0,3252.49,Large,Suburban,Wednesday,2023,3689.82
2023-01-18,5,102,441,0,0,20950.58,Small,Suburban,Wednesday,2023,16893.96
2023-01-14,3,103,75,0,1,2833.11,Medium,Suburban,Saturday,2023,3385.48
2023-01-24,4,102,203,0,1,3101.66,Large,Rural,Tuesday,2023,2863.6
2023-03-09,4,105,112,1,1,5290.44,Small,Urban,Thursday,2023,4842.9
2023-04-08,5,103,348,0,1,14280.74,Small,Urban,Saturday,2023,14474.29
2023-03-14,4,105,477,0,0,12062.71,Large,Rural,Tuesday,2023,13986.31
2023-01-14,1,104,68,0,0,1158.14,Medium,Suburban,Saturday,2023,985.53
2023-03-09,1,105,182,0,1,3334.25,Large,Suburban,Thursday,2023,3020.64
2023-01-29,5,104,104,0,0,2082.18,Large,Urban,Sunday,2023,2133.42
2023-01-12,1,105,126,1,1,3158.32,Medium,Suburban,Thursday,2023,2796.15
2023-03-04,2,104,83,1,1,2096.32,Small,Rural,Saturday,2023,2220.93
2023-02-13,5,101,286,0,1,13951.41,Medium,Rural,Monday,2023,16188.32
2023-01-29,3,102,249,0,1,6700.55,Small,Rural,Sunday,2023,5858.53
2023-02-02,4,104,309,1,0,3997.36,Large,Urban,Thursday,2023,4114.51
2023-02-17,2,102,92,0,1,2222.29,Small,Urban,Friday,2023,1960.44
2023-01-20,4,104,263,1,0,7677.76,Large,Rural,Friday,2023,7334.36
2023-03-07,3,102,452,0,0,14811.79,Small,Suburban,Tuesday,2023,13841.96
2023-02-13,1,103,246,1,1,5147.02,Large,Urban,Monday,2023,5478.43
2023-03-02,1,105,76,1,1,3386.53,Medium,Urban,Thursday,2023,2840.42
2023-03-18,1,102,320,1,0,8728.51,Large,Urban,Saturday,2023,8931.58
2023-03-11,2,103,80,0,0,1283.93,Large,Urban,Saturday,2023,1422.3
2023-01-23,1,104,190,0,0,8226.37,Medium,Urban,Monday,2023,8614.03
2023-02-16,4,102,85,0,1,2023.15,Small,Urban,Thursday,2023,2211.62
2023-01-15,3,103,470,1,1,14470.03,Medium,Suburban,Sunday,2023,14210.41
2023-01-01,5,105,385,0,0,5943.87,Small,Suburban,Sunday,2023,4822.12
2023-01-10,3,102,107,1,0,1629.72,Large,Suburban,Tuesday,2023,1616.32
2023-02-02,2,103,119,1,0,1531.66,Small,Suburban,Thursday,2023,1685.89
2023-03-25,2,104,366,1,0,13475.4,Large,Suburban,Saturday,2023,12374.92
2023-03-29,4,104,338,1,1,4106.58,Large,Suburban,Wednesday,2023,3638.47
2023-01-09,3,103,312,1,1,13020.33,Medium,Urban,Monday,2023,11547.93
2023-02-08,4,101,474,0,0,12366.33,Large,Rural,Wednesday,2023,10325.54
2023-01-29,3,104,84,0,1,2922.65,Small,Urban,Sunday,2023,2704.75
2023-03-11,1,103,444,0,1,5803.88,Medium,Rural,Saturday,2023,6541.76
2023-03-07,5,103,253,0,1,11580.49,Medium,Suburban,Tuesday,2023,11275.11
2023-01-18,5,103,370,0,0,8005.2,Medium,Rural,Wednesday,2023,6511.13
2023-02-25,4,105,487,0,0,23608.22,Large,Urban,Saturday,2023,28289.6
2023-01-07,5,105,186,0,1,2947.02,Medium,Rural,Saturday,2023,3386.26
2023-02-13,3,101,204,1,0,3728.64,Medium,Rural,Monday,2023,4259.31
2023-01-26,4,102,173,1,0,3104.35,Large,Urban,Thursday,2023,3484.06
2023-03-25,4,103,461,1,0,11416.85,Small,Suburban,Saturday,2023,9905.53
2023-01-03,1,102,135,0,0,2712.75,Small,Suburban,Tuesday,2023,2526.18
2023-03-04,1,105,310,0,0,8654.85,Small,Urban,Saturday,2023,8683.35
2023-04-01,1,103,269,0,0,5197.74,Large,Urban,Saturday,2023,5182.9
2023-01-05,5,103,342,0,1,5248.17,Medium,Urban,Thursday,2023,4885.34
2023-04-06,4,105,223,1,0,6714.91,Medium,Rural,Thursday,2023,6024.63
2023-01-28,1,102,374,1,0,4641.71,Medium,Rural,Saturday,2023,4481.85
2023-01-17,4,102,129,1,0,5146.48,Large,Suburban,Tuesday,2023,4648.49
2023-04-10,2,105,373,1,1,4937.77,Medium,Suburban,Monday,2023,5390.95
2023-02-03,2,103,450,1,0,15145.97,Small,Urban,Friday,2023,15855.61
2023-02-03,3,102,386,0,0,9277.14,Large,Rural,Friday,2023,9291.78
2023-03-20,5,104,250,1,0,2943.39,Small,Suburban,Monday,2023,3430.07
2023-01-02,2,101,359,0,0,9966.02,Medium,Urban,Monday,2023,11677.3
2023-02-18,2,104,364,0,1,14776.81,Large,Urban,Saturday,2023,15458.98
2023-02-14,2,102,300,1,1,9753.04,Medium,Rural,Tuesday,2023,11288.23
2023-02-08,4,105,326,0,1,16124.29,Medium,Urban,Wednesday,2023,18968.81
2023-03-25,3,101,139,1,0,3283.11,Small,Urban,Saturday,2023,3121.62
2023-01-16,5,102,225,1,0,10927.08,Small,Rural,Monday,2023,12732.68
2023-02-19,5,102,196,0,1,5272.05,Small,Suburban,Sunday,2023,6080.88
2023-02-08,1,103,84,0,1,2438.98,Large,Suburban,Wednesday,2023,2039.84
2023-03-21,5,102,158,1,0,5312.39,Medium,Urban,Tuesday,2023,5508.55
2023-04-04,4,102,414,1,1,6056.35,Large,Suburban,Tuesday,2023,7143.19
2023-02-26,4,103,211,0,1,5464.45,Large,Rural,Sunday,2023,5581.03
2023-01-18,3,101,452,1,1,12653.36,Medium,Rural,Wednesday,2023,10349.33
2023-02-14,5,103,209,1,1,3185.57,Large,Urban,Tuesday,2023,3718.03
2023-01-11,3,102,60,0,0,1699.32,Small,Suburban,Wednesday,2023,1683.29
2023-01-10,4,104,196,0,1,5291.64,Medium,Rural,Tuesday,2023,4980.89
2023-03-19,5,102,166,0,1,4233.08,Small,Rural,Sunday,2023,5012.84
2023-03-14,2,105,99,0,1,1877.94,Medium,Urban,Tuesday,2023,1645.61
2023-03-28,4,103,264,1,1,10904.35,Medium,Rural,Tuesday,2023,11568.22
2023-03-26,1,102,445,0,0,18578.95,Large,Urban,Sunday,2023,19066.35
2023-01-09,5,105,106,1,1,3020.62,Large,Rural,Monday,2023,3554.51
2023-03-17,3,104,493,1,0,20618.77,Small,Rural,Friday,2023,17700.04
2023-01-22,4,104,120,0,1,5080.21,Large,Suburban,Sunday,2023,5309.48
2023-04-10,3,105,399,0,0,16833.66,Medium,Suburban,Monday,2023,17632.5
2023-03-21,3,105,77,0,1,1895.56,Small,Urban,Tuesday,2023,1979.51
2023-01-18,2,103,326,0,0,4925.9,Medium,Rural,Wednesday,2023,5783.57
2023-01-19,1,105,350,0,0,8744.34,Medium,Urban,Thursday,2023,7612.78
2023-04-06,3,105,103,1,0,4802.74,Medium,Suburban,Thursday,2023,4832.74
2023-04-09,5,101,396,1,0,9259.08,Medium,Rural,Sunday,2023,10663.05
2023-01-29,4,104,436,1,1,15049.58,Small,Urban,Sunday,2023,16175.38
2023-01-04,4,101,419,0,0,7173.37,Medium,Suburban,Wednesday,2023,7988.04
2023-01-04,1,105,263,0,0,11326.84,Medium,Rural,Wednesday,2023,9641.41
2023-01-16,1,101,477,0,1,22707.69,Small,Rural,Monday,2023,22330.51
2023-01-17,1,102,382,0,1,5592.53,Medium,Rural,Tuesday,2023,6356.2
2023-01-13,3,104,169,1,1,2888.71,Large,Suburban,Friday,2023,3394.7
2023-02-17,4,101,261,0,0,9254.23,Small,Suburban,Friday,2023,10664.66
2023-02-25,5,105,277,1,1,6313.74,Small,Urban,Saturday,2023,6829.91
2023-03-20,3,101,291,1,0,5040.16,Large,Rural,Monday,2023,5124.37
2023-02-13,2,103,336,0,1,13233.76,Small,Suburban,Monday,2023,14776.49
2023-01-19,3,104,345,0,1,5561.16,Large,Urban,Thursday,2023,4828.6
2023-03-06,3,102,487,1,1,6353.19,Medium,Rural,Monday,2023,5246.95
2023-01-21,2,103,479,1,1,9264.57,Medium,Suburban,Saturday,2023,7445.12
2023-01-24,5,102,68,0,0,1397.35,Medium,Urban,Tuesday,2023,1546.68
2023-03-29,5,103,169,0,0,6843.93,Medium,Urban,Wednesday,2023,6935.7
2023-01-20,2,101,146,1,0,4496.46,Large,Urban,Friday,2023,4549.51
2023-01-19,1,101,469,1,0,22871.57,Large,Rural,Thursday,2023,25307.99
2023-01-17,5,104,135,1,0,6414.7,Medium,Rural,Tuesday,2023,6029.07
2023-02-20,4,104,82,0,1,3285.03,Large,Suburban,Monday,2023,3166.78
2023-03-06,2,104,345,0,0,14228.57,Small,Rural,Monday,2023,11422.22
2023-03-02,4,101,82,0,1,1653.51,Small,Rural,Thursday,2023,1453.39
2023-04-08,5,102,262,1,0,8317.54,Large,Urban,Saturday,2023,8546.14
2023-02-18,2,104,97,0,1,3364.53,Medium,Rural,Saturday,2023,3936.8
2023-01-14,4,101,247,0,0,5225.12,Large,Urban,Saturday,2023,4717.63
2023-01-08,3,102,381,0,1,15212.99,Medium,Urban,Sunday,2023,16492.59
2023-01-31,5,101,104,0,1,4485.41,Medium,Suburban,Tuesday,2023,4050.11
2023-02-10,1,105,127,0,1,3360.91,Medium,Urban,Friday,2023,3427.57
2023-03-04,1,105,487,1,1,8768.28,Medium,Suburban,Saturday,2023,7150.21
2023-02-18,3,103,86,0,1,3072.39,Medium,Rural,Saturday,2023,3265.11
2023-02-14,4,102,174,1,0,6614.79,Large,Urban,Tuesday,2023,5493.49
2023-01-23,5,105,171,0,1,4798.6,Large,Rural,Monday,2023,4879.29
2023-02-19,3,101,477,1,0,5923.92,Small,Suburban,Sunday,2023,6367.77
2023-01-20,2,103,195,0,1,2673.85,Small,Rural,Friday,2023,2332.56
2023-02-23,2,102,55,0,0,2149.08,Large,Suburban,Thursday,2023,2251.2
2023-02-04,1,101,373,1,1,8512.91,Medium,Suburban,Saturday,2023,7096.79
2023-03-08,2,105,181,0,0,7612.19,Medium,Suburban,Wednesday,2023,7046.55
2023-04-03,5,105,203,1,0,9404.81,Small,Rural,Monday,2023,11238.68
2023-03-13,4,102,172,0,0,8204.73,Large,Rural,Monday,2023,9461.95
2023-01-11,1,103,214,1,0,3550.6,Small,Urban,Wednesday,2023,3408.47
2023-02-04,2,101,419,1,1,20192.83,Large,Suburban,Saturday,2023,16744.46
2023-02-15,3,102,93,1,1,3992.9,Medium,Rural,Wednesday,2023,3202.52
2023-01-11,2,103,392,0,1,16367.02,Large,Suburban,Wednesday,2023,18202.6
2023-03-11,3,104,356,1,1,5454.46,Large,Urban,Saturday,2023,4825.88
2023-02-19,1,103,187,1,0,2357.94,Large,Rural,Sunday,2023,2463.03
2023-03-31,5,102,475,1,0,16289.31,Medium,Suburban,Friday,2023,17425.4
2023-02-28,3,104,225,0,1,5834.51,Large,Rural,Tuesday,2023,6883.31
2023-03-09,5,102,336,0,1,5778.05,Large,Rural,Thursday,2023,5352.84
2023-04-02,3,103,229,0,1,7930.85,Medium,Urban,Sunday,2023,8556.12
2023-02-07,4,102,495,0,1,23405.81,Medium,Urban,Tuesday,2023,26665.1
2023-03-31,4,102,445,1,1,10454.64,Large,Rural,Friday,2023,11262.89
2023-03-17,5,105,334,0,0,5343.97,Large,Urban,Friday,2023,6321.53
2023-03-01,5,101,349,1,0,16639.57,Medium,Urban,Wednesday,2023,18224.67
2023-03-27,2,105,189,1,0,3120.8,Medium,Rural,Monday,2023,3037.75
2023-02-28,4,103,486,0,0,17307.5,Small,Rural,Tuesday,2023,18567.26
2023-01-11,5,105,359,0,1,4683.6,Large,Rural,Wednesday,2023,3954.1
2023-04-09,5,105,62,1,1,2304.4,Medium,Suburban,Sunday,2023,1974.73
2023-04-09,3,101,103,1,0,4810.62,Small,Urban,Sunday,2023,4773.71
2023-02-20,3,103,423,0,1,9837.09,Medium,Urban,Monday,2023,11609.06
2023-02-03,4,103,77,0,1,2118.25,Large,Suburban,Friday,2023,1897.29
2023-02-11,4,104,322,1,0,6729.81,Medium,Urban,Saturday,2023,7229.62
2023-02-15,1,103,173,0,0,4185.71,Large,Rural,Wednesday,2023,4522.49
2023-01-16,1,103,234,0,0,2857.02,Small,Suburban,Monday,2023,2820.39
2023-02-10,3,103,119,0,0,2339.11,Medium,Urban,Friday,2023,2417.94
2023-02-07,2,101,70,0,0,2161.0,Small,Suburban,Tuesday,2023,1792.33
2023-02-27,1,104,258,1,1,9800.51,Large,Rural,Monday,2023,10785.36
2023-01-29,3,101,375,1,1,16136.52,Large,Suburban,Sunday,2023,13097.35
2023-02-20,3,101,185,1,0,4739.1,Large,Urban,Monday,2023,4183.67
2023-02-24,3,102,249,1,1,11058.29,Large,Rural,Friday,2023,9316.12
2023-03-28,2,105,169,0,0,6540.45,Medium,Urban,Tuesday,2023,6764.13
2023-01-09,2,104,107,1,0,1432.49,Medium,Suburban,Monday,2023,1174.28
2023-01-01,5,102,51,1,1,2381.79,Medium,Urban,Sunday,2023,2488.74
2023-01-05,2,103,114,1,1,5576.84,Large,Suburban,Thursday,2023,5069.37
2023-03-29,2,102,166,0,0,4473.07,Small,Rural,Wednesday,2023,3908.85
2023-03-15,2,105,68,1,1,1826.44,Small,Urban,Wednesday,2023,1520.54
2023-01-27,2,103,353,0,1,10718.41,Large,Suburban,Friday,2023,12431.63
2023-03-05,1,105,234,0,0,5625.58,Medium,Urban,Sunday,2023,4755.37
2023-04-08,5,102,97,1,1,4422.57,Small,Rural,Saturday,2023,3590.37
2023-02-16,3,102,62,1,0,1327.15,Small,Suburban,Thursday,2023,1488.7
2023-03-10,2,102,160,0,0,7442.35,Medium,Rural,Friday,2023,7566.52
2023-02-23,1,104,169,0,0,5444.0,Medium,Suburban,Thursday,2023,6173.34
2023-01-31,2,101,167,0,1,6250.07,Large,Suburban,Tuesday,2023,5768.85
2023-03-28,1,101,302,1,1,9627.11,Medium,Suburban,Tuesday,2023,10525.91
2023-01-06,2,102,205,1,1,2525.77,Medium,Urban,Friday,2023,2359.4
2023-01-20,5,101,491,0,0,10276.11,Large,Rural,Friday,2023,12068.96
2023-01-13,3,102,375,1,1,4078.43,Large,Suburban,Friday,2023,4544.5
2023-01-14,3,105,315,1,0,7359.74,Small,Suburban,Saturday,2023,7060.61
2023-03-16,2,101,367,0,1,12856.04,Large,Suburban,Thursday,2023,11757.03
2023-01-18,4,101,91,0,1,3067.55,Medium,Urban,Wednesday,2023,3357.76
2023-01-21,5,102,301,0,0,12499.97,Small,Suburban,Saturday,2023,10002.84
2023-01-07,1,101,299,1,1,4607.22,Medium,Suburban,Saturday,2023,5342.99
2023-01-17,3,103,185,1,0,7058.26,Small,Urban,Tuesday,2023,5857.68
2023-03-04,3,101,424,1,0,10847.5,Medium,Rural,Saturday,2023,9679.07
2023-01-16,5,102,424,0,1,19357.47,Large,Rural,Monday,2023,17546.68
2023-03-17,3,103,369,1,1,11827.81,Medium,Urban,Friday,2023,13737.15
2023-03-26,4,102,342,1,1,8822.22,Medium,Rural,Sunday,2023,10462.17
2023-03-27,3,105,91,0,1,3686.22,Large,Urban,Monday,2023,3108.53
2023-01-23,1,105,220,1,0,7136.08,Small,Suburban,Monday,2023,6085.15
2023-02-23,1,104,185,0,0,4856.97,Large,Urban,Thursday,2023,5543.36
2023-03-04,5,104,55,0,0,2509.96,Medium,Rural,Saturday,2023,2772.07
2023-01-31,3,103,166,0,1,2991.63,Medium,Rural,Tuesday,2023,3422.94
2023-01-26,5,103,447,1,0,9012.25,Small,Suburban,Thursday,2023,8530.06
2023-01-25,1,103,186,0,1,8240.96,Large,Urban,Wednesday,2023,9329.63
2023-02-10,3,102,440,1,1,8397.54,Medium,Urban,Friday,2023,9360.1
2023-01-18,2,102,341,0,1,15794.46,Small,Rural,Wednesday,2023,15326.73
2023-01-19,4,103,186,1,1,3832.55,Medium,Urban,Thursday,2023,3128.51
2023-04-08,5,104,411,1,1,7156.67,Large,Rural,Saturday,2023,6301.3
2023-01-09,4,105,319,1,1,6690.87,Large,Rural,Monday,2023,6794.61
2023-01-02,3,105,285,1,1,11588.14,Large,Suburban,Monday,2023,11502.47
2023-02-19,4,102,371,0,1,10777.58,Small,Rural,Sunday,2023,10359.42
2023-02-20,2,102,219,1,0,7910.69,Small,Urban,Monday,2023,6475.32
2023-03-01,2,103,410,0,1,19963.33,Small,Rural,Wednesday,2023,18406.95
2023-01-22,1,101,328,1,1,4963.35,Large,Rural,Sunday,2023,5568.88
2023-02-14,3,105,167,1,0,5436.05,Large,Suburban,Tuesday,2023,5634.77
2023-03-11,3,104,472,1,1,5072.78,Small,Urban,Saturday,2023,4119.28
2023-02-28,1,105,112,1,0,5527.89,Small,Suburban,Tuesday,2023,5313.79
2023-03-14,2,102,487,0,0,14453.35,Large,Rural,Tuesday,2023,14942.37
2023-01-17,1,104,131,0,1,4134.7,Small,Suburban,Tuesday,2023,4256.73
2023-03-20,3,101,257,0,0,9139.4,Small,Suburban,Monday,2023,9319.46
2023-02-11,3,104,429,1,0,11862.47,Medium,Urban,Saturday,2023,13032.68
2023-02-18,1,104,205,1,1,5518.33,Small,Urban,Saturday,2023,5852.28
2023-02-06,4,102,325,1,1,4156.54,Large,Suburban,Monday,2023,3541.41
2023-01-30,2,103,478,0,1,19320.64,Large,Suburban,Monday,2023,18521.91
2023-01-13,2,104,95,1,0,3346.07,Large,Suburban,Friday,2023,2797.46
2023-02-15,1,102,168,0,0,4033.62,Medium,Rural,Wednesday,2023,3853.69
2023-03-29,2,101,117,1,1,4269.3,Medium,Suburban,Wednesday,2023,4440.86
2023-01-07,5,103,291,1,0,5989.58,Large,Suburban,Saturday,2023,6929.79
2023-03-21,3,104,294,0,0,7278.82,Large,Rural,Tuesday,2023,7965.82
2023-03-23,4,102,367,1,1,17559.04,Small,Rural,Thursday,2023,16122.85
2023-02-20,2,102,241,1,0,8460.29,Small,Rural,Monday,2023,9348.76
2023-03-23,1,105,446,1,1,11386.63,Large,Urban,Thursday,2023,9601.14
2023-01-26,3,102,59,1,0,734.74,Medium,Rural,Thursday,2023,643.04
2023-02-18,4,104,239,1,0,7845.2,Large,Rural,Saturday,2023,6803.8
2023-03-04,5,101,128,0,0,3150.98,Large,Urban,Saturday,2023,2799.81
2023-01-10,5,101,63,0,0,2614.56,Large,Urban,Tuesday,2023,2619.35
2023-01-01,3,102,444,0,1,15340.61,Large,Urban,Sunday,2023,18372.05
2023-01-31,4,104,301,1,1,12274.93,Small,Rural,Tuesday,2023,11457.19
2023-01-08,2,105,399,0,1,8894.95,Medium,Suburban,Sunday,2023,8692.77
2023-01-21,1,101,495,1,0,13372.13,Medium,Suburban,Saturday,2023,11522.31
2023-03-04,4,101,277,1,0,4021.91,Medium,Urban,Saturday,2023,3767.04
2023-03-19,4,101,359,1,1,11360.86,Medium,Suburban,Sunday,2023,12818.3
2023-02-08,1,102,492,1,1,22981.6,Large,Urban,Wednesday,2023,23702.62
2023-04-02,2,105,145,1,1,4702.24,Medium,Suburban,Sunday,2023,5506.13
2023-04-08,5,101,263,0,0,3038.94,Large,Urban,Saturday,2023,3041.93
2023-03-29,4,105,210,1,0,5374.04,Medium,Suburban,Wednesday,2023,5269.6
2023-01-04,3,105,236,0,1,6803.12,Large,Urban,Wednesday,2023,5942.21
2023-02-22,1,104,347,1,1,16622.96,Large,Urban,Wednesday,2023,14411.68
2023-02-19,4,101,380,0,0,5550.82,Medium,Suburban,Sunday,2023,6519.65
2023-01-13,5,104,151,1,1,6768.04,Large,Rural,Friday,2023,7241.78
2023-03-26,2,102,354,1,0,8156.81,Medium,Urban,Sunday,2023,6867.17
2023-02-17,5,105,172,1,1,3999.56,Small,Suburban,Friday,2023,4756.12
2023-03-03,1,103,164,0,1,7311.54,Medium,Rural,Friday,2023,6927.04
2023-01-02,5,101,458,0,1,13784.58,Medium,Suburban,Monday,2023,15187.58
2023-01-07,3,101,351,0,1,11749.33,Medium,Rural,Saturday,2023,9881.89
2023-03-30,2,103,327,1,1,6347.68,Small,Suburban,Thursday,2023,6099.31
2023-03-11,4,102,445,1,1,13175.87,Small,Suburban,Saturday,2023,14618.66
2023-02-08,5,101,153,0,1,6331.55,Small,Rural,Wednesday,2023,5253.87
2023-03-02,1,102,189,1,1,3659.63,Medium,Suburban,Thursday,2023,3798.3
2023-01-24,3,105,99,0,0,4755.86,Medium,Suburban,Tuesday,2023,4851.71
2023-02-05,3,101,110,0,1,1980.01,Medium,Suburban,Sunday,2023,1785.52
2023-03-04,1,105,187,0,1,7355.9,Medium,Suburban,Saturday,2023,5935.04
2023-03-09,1,105,58,1,0,1940.56,Small,Rural,Thursday,2023,1561.84
2023-01-26,3,102,426,0,0,17498.46,Medium,Rural,Thursday,2023,17691.28
2023-03-19,3,104,133,1,0,1421.06,Medium,Suburban,Sunday,2023,1174.38
2023-03-27,3,104,469,0,1,17540.43,Small,Urban,Monday,2023,15361.28
2023-03-06,1,103,469,1,0,21488.19,Medium,Rural,Monday,2023,18618.43
2023-04-10,2,104,107,0,0,3721.72,Medium,Rural,Monday,2023,4000.05
2023-02-23,3,101,396,0,0,6099.29,Large,Rural,Thursday,2023,5225.25
2023-04-06,1,103,136,1,0,5199.07,Large,Suburban,Thursday,2023,4918.52
2023-02-24,3,101,489,1,0,8832.77,Medium,Rural,Friday,2023,9200.34
2023-02-18,3,101,96,1,0,3226.68,Medium,Urban,Saturday,2023,2660.17
2023-01-31,1,103,467,1,1,13033.72,Small,Rural,Tuesday,2023,14706.66
2023-02-17,1,101,384,1,1,19010.78,Small,Rural,Friday,2023,18589.25
2023-01-21,5,104,465,0,1,18854.98,Large,Rural,Saturday,2023,18971.76
2023-04-04,5,102,431,1,0,15308.69,Large,Urban,Tuesday,2023,18186.94
2023-04-06,4,105,391,0,1,12581.9,Small,Urban,Thursday,2023,14427.93
2023-01-06,3,101,424,1,0,12189.46,Small,Urban,Friday,2023,12274.86
2023-03-11,3,101,100,0,1,4689.69,Medium,Suburban,Saturday,2023,5040.4
2023-01-21,3,102,373,1,1,15637.02,Medium,Rural,Saturday,2023,15434.37
2023-03-13,2,102,229,0,1,8213.45,Medium,Suburban,Monday,2023,7594.38
2023-02-17,3,104,497,0,1,13517.18,Large,Suburban,Friday,2023,15682.83
2023-03-19,1,101,481,1,1,13138.91,Large,Suburban,Sunday,2023,14910.94
2023-03-31,4,102,247,1,1,7786.64,Large,Rural,Friday,2023,6389.84
2023-01-29,1,105,96,0,0,4457.94,Medium,Suburban,Sunday,2023,3626.32
2023-01-25,3,102,160,1,1,2689.11,Large,Urban,Wednesday,2023,3049.44
2023-01-07,3,103,86,1,0,2324.13,Small,Suburban,Saturday,2023,2414.94
2023-01-19,1,105,498,0,0,23728.39,Large,Urban,Thursday,2023,27785.62
2023-02-24,1,105,447,1,1,17781.88,Medium,Rural,Friday,2023,15533.5
2023-03-15,5,104,213,0,1,2810.07,Medium,Suburban,Wednesday,2023,3104.87
2023-03-10,3,103,114,0,0,3191.77,Small,Urban,Friday,2023,3197.5
2023-03-19,1,104,195,1,1,7263.71,Large,Suburban,Sunday,2023,6146.35
2023-04-02,3,105,157,0,1,3023.28,Large,Rural,Sunday,2023,3431.05
2023-02-25,2,103,124,1,0,3343.16,Small,Rural,Saturday,2023,3630.68
2023-01-24,5,101,493,1,0,5051.76,Small,Suburban,Tuesday,2023,4261.73
2023-03-06,3,102,172,1,1,4620.25,Medium,Suburban,Monday,2023,5480.77
2023-03-14,2,104,339,1,1,10575.7,Small,Rural,Tuesday,2023,9188.41
2023-01-17,3,105,409,1,0,9122.45,Large,Urban,Tuesday,2023,10256.72
2023-01-02,1,103,479,0,0,7082.98,Large,Rural,Monday,2023,7362.84
2023-02-02,1,101,153,1,0,5362.71,Small,Suburban,Thursday,2023,5002.61
2023-03-13,3,104,472,1,0,10126.79,Small,Urban,Monday,2023,8383.46
2023-03-25,5,104,266,0,0,10106.08,Large,Urban,Saturday,2023,8424.8
2023-01-08,3,105,486,0,1,8098.38,Large,Suburban,Sunday,2023,9207.0
2023-03-02,3,101,224,1,1,5860.7,Medium,Urban,Thursday,2023,6785.46
2023-02-09,5,104,431,1,1,7490.31,Small,Rural,Thursday,2023,7619.28
2023-03-06,1,105,278,1,0,4280.93,Medium,Suburban,Monday,2023,4859.93
2023-02-21,1,103,496,1,0,6243.01,Small,Suburban,Tuesday,2023,6619.31
2023-04-06,5,105,196,1,0,4815.01,Small,Suburban,Thursday,2023,3985.94
2023-03-04,5,102,172,0,0,5589.06,Medium,Suburban,Saturday,2023,6495.47
2023-02-07,2,105,257,0,0,8554.93,Large,Urban,Tuesday,2023,8624.81
2023-04-02,1,102,169,0,0,4267.93,Large,Suburban,Sunday,2023,3477.7
2023-03-30,1,101,350,0,1,5477.23,Medium,Suburban,Thursday,2023,4660.88
2023-01-03,5,102,215,1,0,4240.87,Small,Urban,Tuesday,2023,4861.27
2023-02-26,2,103,136,0,0,2614.29,Medium,Suburban,Sunday,2023,2325.5
2023-01-04,3,101,385,0,1,9751.3,Large,Suburban,Wednesday,2023,8097.73
2023-01-11,1,103,338,1,1,10743.72,Small,Rural,Wednesday,2023,12271.12
2023-02-16,1,105,454,0,0,20596.27,Small,Urban,Thursday,2023,21265.09
2023-01-26,1,105,497,0,0,5264.97,Medium,Suburban,Thursday,2023,5220.54
2023-03-06,5,104,83,1,1,3595.63,Medium,Suburban,Monday,2023,3358.51
2023-01-29,1,102,295,0,0,3684.78,Large,Urban,Sunday,2023,3514.88
2023-01-31,5,101,470,1,1,6936.06,Small,Urban,Tuesday,2023,6175.8
2023-03-02,3,105,245,1,0,3605.28,Medium,Rural,Thursday,2023,3293.48
2023-04-06,1,103,280,0,1,11650.71,Medium,Urban,Thursday,2023,10114.43
2023-04-03,2,101,228,1,1,6445.69,Small,Suburban,Monday,2023,6916.15
2023-01-08,4,104,343,1,0,10075.65,Small,Urban,Sunday,2023,9600.36
2023-02-16,3,104,51,1,1,1042.96,Small,Rural,Thursday,2023,918.04
2023-04-09,2,105,82,0,0,1043.44,Medium,Suburban,Sunday,2023,1147.33
2023-01-03,5,102,479,1,0,14527.16,Small,Rural,Tuesday,2023,15759.4
2023-02-03,2,103,379,1,0,8762.9,Medium,Urban,Friday,2023,8464.74
2023-02-05,3,104,432,0,0,12583.49,Small,Rural,Sunday,2023,12544.51
2023-03-20,1,102,364,0,0,14338.19,Large,Urban,Monday,2023,15445.53
2023-02-16,4,101,318,0,0,15191.1,Medium,Suburban,Thursday,2023,13058.64
2023-03-24,1,104,55,0,0,1753.26,Medium,Suburban,Friday,2023,1466.12
2023-03-21,5,104,466,0,0,6924.78,Small,Rural,Tuesday,2023,7321.21
2023-02-09,5,103,79,1,1,2437.7,Small,Urban,Thursday,2023,2850.01
2023-02-26,2,105,403,1,0,4209.69,Small,Rural,Sunday,2023,4412.26
2023-01-03,3,101,325,0,1,3403.06,Medium,Urban,Tuesday,2023,3004.25
2023-01-03,3,102,242,0,0,11124.44,Large,Suburban,Tuesday,2023,12836.51
2023-01-30,1,102,153,0,0,6638.1,Small,Rural,Monday,2023,6416.19
2023-04-08,5,102,158,1,1,3296.86,Small,Urban,Saturday,2023,3684.08
2023-01-09,2,101,57,0,1,1609.31,Large,Suburban,Monday,2023,1539.37
2023-03-20,3,104,455,1,0,6855.0,Large,Suburban,Monday,2023,7019.14
2023-01-06,3,102,336,0,1,15339.34,Large,Suburban,Friday,2023,13336.62
2023-03-23,1,103,141,0,1,3453.76,Small,Suburban,Thursday,2023,3481.09
2023-01-10,3,102,396,1,0,18976.51,Medium,Urban,Tuesday,2023,17300.05
2023-02-20,5,103,373,1,1,12779.09,Medium,Rural,Monday,2023,11434.64
2023-03-07,1,103,465,0,0,20920.25,Medium,Urban,Tuesday,2023,19957.37
2023-02-23,3,103,497,1,0,7874.89,Large,Urban,Thursday,2023,7208.25
2023-01-26,3,104,385,1,0,7717.22,Small,Urban,Thursday,2023,9124.54
2023-02-28,5,105,166,0,1,8230.91,Small,Urban,Tuesday,2023,8128.88
2023-04-07,3,104,424,1,1,4588.24,Medium,Rural,Friday,2023,4382.5
2023-02-25,2,104,379,1,1,17273.06,Medium,Suburban,Saturday,2023,16385.71
2023-03-23,3,105,87,1,0,1152.41,Large,Suburban,Thursday,2023,1127.77
2023-03-16,1,104,56,0,1,1823.18,Large,Rural,Thursday,2023,1930.5
2023-03-15,1,102,353,0,0,14814.06,Small,Rural,Wednesday,2023,14032.37
2023-01-20,3,104,329,1,0,10933.07,Medium,Rural,Friday,2023,9567.39
2023-01-27,4,103,265,1,0,9397.42,Small,Rural,Friday,2023,9416.09
2023-02-22,1,105,81,0,1,2464.9,Medium,Urban,Wednesday,2023,2754.41
2023-03-18,2,103,361,0,0,7457.11,Medium,Suburban,Saturday,2023,8824.36
2023-01-17,3,102,360,1,0,8319.16,Medium,Suburban,Tuesday,2023,8848.92
2023-04-08,5,104,388,0,0,18054.95,Large,Urban,Saturday,2023,21513.0
2023-03-10,1,104,204,0,1,10039.88,Medium,Urban,Friday,2023,10131.29
2023-01-20,2,102,220,0,1,7528.59,Large,Suburban,Friday,2023,6329.0
2023-02-09,3,105,327,1,1,10280.39,Small,Urban,Thursday,2023,11599.43
2023-01-09,2,101,145,0,0,2503.59,Small,Rural,Monday,2023,2538.08
2023-02-09,3,102,102,1,1,3762.53,Large,Suburban,Thursday,2023,3105.6
2023-03-26,5,105,494,0,0,22162.52,Large,Rural,Sunday,2023,20619.52
2023-01-15,5,103,233,1,0,3865.14,Small,Urban,Sunday,2023,3936.08
2023-04-08,3,104,239,1,0,10987.82,Small,Rural,Saturday,2023,10211.88
2023-04-03,1,102,320,1,0,5927.87,Small,Rural,Monday,2023,6258.64
2023-01-19,1,104,307,0,0,11635.8,Medium,Suburban,Thursday,2023,12093.87
2023-04-09,2,103,158,1,1,2208.82,Small,Suburban,Sunday,2023,1873.25
2023-03-27,5,104,475,1,0,11898.56,Medium,Suburban,Monday,2023,12923.86
2023-03-13,2,104,182,1,0,7673.72,Small,Rural,Monday,2023,7724.08
2023-03-25,4,104,286,0,0,7851.61,Large,Rural,Saturday,2023,9173.78
2023-01-29,2,103,460,0,1,7376.35,Large,Suburban,Sunday,2023,7064.49
2023-02-22,3,101,494,0,1,11871.18,Large,Rural,Wednesday,2023,10708.86
2023-04-08,1,102,206,0,1,3705.06,Large,Rural,Saturday,2023,3334.18
2023-03-19,5,102,130,0,0,1884.82,Large,Urban,Sunday,2023,2031.99
2023-04-02,1,102,117,1,1,2154.16,Medium,Rural,Sunday,2023,1864.06
2023-03-20,4,102,186,0,1,2999.43,Medium,Suburban,Monday,2023,3255.02
2023-02-06,2,101,189,0,1,8463.92,Small,Rural,Monday,2023,7544.27
2023-03-19,3,102,330,1,1,6649.52,Medium,Suburban,Sunday,2023,7174.22
2023-03-27,5,103,391,1,0,11702.22,Small,Suburban,Monday,2023,11269.4
2023-02-13,2,104,240,0,0,10179.19,Large,Rural,Monday,2023,8243.35
2023-02-20,3,105,468,1,1,12590.48,Large,Rural,Monday,2023,10311.23
2023-02-24,3,103,334,1,1,3375.72,Medium,Rural,Friday,2023,3760.27
2023-02-11,5,105,343,1,0,10245.49,Large,Suburban,Saturday,2023,12050.6
2023-04-09,5,105,321,0,0,3648.48,Small,Suburban,Sunday,2023,3117.73
2023-02-03,4,105,188,0,1,3995.86,Small,Urban,Friday,2023,3267.25
2023-01-25,1,105,494,1,1,16350.4,Small,Urban,Wednesday,2023,19163.28
2023-01-14,1,104,369,0,1,5600.45,Medium,Urban,Saturday,2023,5238.94
2023-01-13,1,102,268,0,1,3895.35,Medium,Rural,Friday,2023,3373.72
2023-03-06,4,105,328,0,0,11766.8,Large,Urban,Monday,2023,11886.22
2023-03-30,4,103,150,0,1,1610.27,Medium,Urban,Thursday,2023,1444.77
2023-03-06,3,102,423,0,1,10395.11,Medium,Suburban,Monday,2023,8942.3
2023-02-06,3,104,116,0,0,3054.63,Medium,Rural,Monday,2023,2756.36
2023-01-13,2,102,400,1,0,15312.89,Small,Rural,Friday,2023,17555.76
2023-04-05,4,102,178,0,1,4898.5,Medium,Suburban,Wednesday,2023,5304.78
2023-01-23,1,105,218,1,0,3348.64,Small,Urban,Monday,2023,2952.0
2023-01-22,3,102,473,1,0,7195.77,Small,Urban,Sunday,2023,6106.01
2023-03-09,5,103,458,1,1,15814.48,Medium,Suburban,Thursday,2023,14300.16
2023-02-22,4,101,452,0,1,15704.43,Medium,Urban,Wednesday,2023,13953.01
2023-02-18,1,101,213,1,0,8363.78,Medium,Urban,Saturday,2023,7634.71
2023-03-28,1,102,142,1,1,1812.12,Small,Rural,Tuesday,2023,1633.23
2023-02-08,1,103,402,0,1,5879.78,Medium,Suburban,Wednesday,2023,6676.87
2023-03-21,3,103,249,1,1,3715.49,Medium,Rural,Tuesday,2023,4018.83
2023-01-25,5,102,418,0,0,16888.38,Small,Rural,Wednesday,2023,18917.0
2023-03-31,3,103,308,1,0,13747.14,Medium,Rural,Friday,2023,14908.6
2023-01-24,3,101,498,1,1,22288.39,Medium,Rural,Tuesday,2023,20431.07
2023-01-13,1,102,336,0,1,9304.48,Medium,Rural,Friday,2023,8201.11
2023-03-21,4,102,217,1,1,6337.28,Small,Urban,Tuesday,2023,5232.24
2023-01-18,2,105,479,0,1,23180.25,Medium,Urban,Wednesday,2023,25238.01
2023-01-09,5,103,391,0,1,9661.03,Large,Rural,Monday,2023,11591.1
2023-04-08,4,101,166,1,1,2778.93,Large,Suburban,Saturday,2023,2228.98
2023-01-25,2,101,290,1,0,3236.06,Large,Rural,Wednesday,2023,2874.98
2023-01-15,1,104,132,1,0,4103.07,Large,Urban,Sunday,2023,3716.33
2023-02-25,4,105,411,0,1,10855.74,Large,Suburban,Saturday,2023,11731.88
2023-03-22,5,102,173,0,0,5140.58,Small,Suburban,Wednesday,2023,4332.07
2023-02-25,3,102,58,1,1,1758.35,Medium,Rural,Saturday,2023,2060.54
2023-01-17,1,103,241,1,0,11958.08,Small,Urban,Tuesday,2023,13048.82
2023-02-27,4,103,463,1,1,7037.96,Medium,Urban,Monday,2023,8009.61
2023-03-06,3,102,249,1,1,11300.75,Medium,Rural,Monday,2023,9818.99
2023-01-14,5,101,197,1,0,5223.06,Large,Rural,Saturday,2023,5903.73
2023-02-27,2,101,284,1,1,7267.84,Small,Urban,Monday,2023,6317.11
2023-03-11,4,103,430,1,1,10915.47,Medium,Rural,Saturday,2023,12829.67
2023-03-08,5,104,262,0,1,5813.22,Medium,Urban,Wednesday,2023,5644.88
2023-01-28,5,103,149,1,1,4121.15,Medium,Rural,Saturday,2023,4091.87
2023-04-04,1,104,456,0,1,20484.6,Small,Suburban,Tuesday,2023,23668.03
2023-03-20,5,103,483,0,0,15549.2,Large,Suburban,Monday,2023,13900.88
2023-02-28,5,103,473,1,1,5641.1,Small,Urban,Tuesday,2023,4977.05
2023-03-09,2,101,404,0,0,6393.52,Small,Suburban,Thursday,2023,6935.31
2023-03-13,1,103,285,0,1,10376.12,Small,Suburban,Monday,2023,11653.9
2023-03-02,3,101,401,1,0,16199.43,Small,Urban,Thursday,2023,15537.57
2023-01-25,1,102,90,0,0,2177.14,Small,Rural,Wednesday,2023,1918.95
2023-03-24,3,102,169,1,0,3107.82,Small,Urban,Friday,2023,2541.81
2023-01-26,1,104,479,0,1,13552.85,Large,Urban,Thursday,2023,12483.6
2023-01-13,2,101,155,0,0,5286.08,Medium,Suburban,Friday,2023,5646.31
2023-01-04,3,104,295,0,1,12660.57,Medium,Rural,Wednesday,2023,10201.89
2023-04-03,1,103,340,0,1,5774.5,Small,Suburban,Monday,2023,4743.37
2023-01-29,2,104,327,1,0,12414.63,Medium,Urban,Sunday,2023,12052.05
2023-02-07,1,103,264,0,0,3149.2,Medium,Rural,Tuesday,2023,3439.16
2023-02-22,3,103,77,0,0,1811.79,Medium,Suburban,Wednesday,2023,1770.47
2023-01-19,1,101,276,1,1,6304.37,Small,Urban,Thursday,2023,5253.38
2023-03-15,3,103,286,1,0,13359.45,Small,Urban,Wednesday,2023,11594.85
2023-03-25,1,101,51,1,0,1414.2,Small,Suburban,Saturday,2023,1287.28
2023-03-19,1,102,180,0,1,1988.41,Large,Urban,Sunday,2023,1999.09
2023-01-14,2,104,130,0,1,6158.6,Large,Rural,Saturday,2023,4969.84
2023-02-26,2,102,351,0,0,14364.66,Small,Suburban,Sunday,2023,14385.32
2023-01-26,5,104,461,1,0,4643.51,Large,Rural,Thursday,2023,3826.88
2023-01-06,2,102,295,0,0,13857.15,Medium,Rural,Friday,2023,12230.36
2023-03-12,3,101,209,1,1,9135.4,Large,Urban,Sunday,2023,8941.57
2023-04-09,1,104,498,0,0,13924.39,Small,Rural,Sunday,2023,15060.47
2023-02-20,4,105,184,1,0,2236.39,Small,Urban,Monday,2023,2343.02
2023-04-07,4,101,360,1,1,9562.19,Medium,Suburban,Friday,2023,9544.19
2023-02-19,1,103,200,1,1,7715.71,Medium,Suburban,Sunday,2023,7322.01
2023-03-27,1,103,411,0,0,6797.26,Medium,Urban,Monday,2023,5815.47
2023-01-11,3,101,352,1,1,4575.83,Large,Suburban,Wednesday,2023,5083.14
2023-01-06,1,104,176,0,1,5374.62,Medium,Suburban,Friday,2023,4961.92
2023-02-16,1,105,410,0,0,7983.97,Medium,Urban,Thursday,2023,6658.73
2023-01-22,5,104,494,0,1,7437.32,Medium,Urban,Sunday,2023,6312.77
2023-01-13,5,103,444,0,0,10940.89,Small,Suburban,Friday,2023,11692.03
2023-03-12,5,105,400,0,0,10593.37,Small,Urban,Sunday,2023,12111.52
2023-01-11,3,104,249,1,0,12406.06,Small,Suburban,Wednesday,2023,13242.32
2023-03-30,4,102,490,1,0,19136.42,Medium,Urban,Thursday,2023,18905.72
2023-02-05,5,102,443,0,1,14941.72,Large,Suburban,Sunday,2023,13552.45
2023-02-02,3,104,197,1,1,8407.29,Large,Suburban,Thursday,2023,8187.59
2023-03-11,3,105,187,1,0,2999.39,Medium,Suburban,Saturday,2023,2965.46
2023-02-23,2,104,236,1,1,8050.07,Large,Urban,Thursday,2023,8718.15
2023-03-05,5,105,388,1,0,8175.97,Medium,Urban,Sunday,2023,9631.28
2023-02-18,1,103,248,1,0,11451.91,Large,Suburban,Saturday,2023,11826.95
2023-03-24,3,105,430,0,1,10213.98,Large,Urban,Friday,2023,12077.97
2023-03-05,3,103,140,1,1,5797.37,Small,Suburban,Sunday,2023,5100.46
2023-02-10,5,103,426,0,0,12053.21,Medium,Urban,Friday,2023,10428.44
2023-01-19,3,104,248,0,0,3100.34,Large,Suburban,Thursday,2023,2771.74
2023-04-10,2,102,155,1,1,3918.77,Large,Rural,Monday,2023,4624.0
2023-02-12,4,103,285,1,0,14155.19,Large,Urban,Sunday,2023,16450.86
2023-03-25,4,101,382,1,0,8479.8,Medium,Urban,Saturday,2023,8463.61
2023-02-12,2,105,344,1,0,6909.46,Large,Rural,Sunday,2023,6773.9
2023-01-12,3,102,59,0,0,2796.83,Large,Urban,Thursday,2023,3012.75
2023-01-02,3,102,499,1,1,16290.45,Small,Urban,Monday,2023,16665.7
2023-02-13,1,103,453,0,1,17216.96,Large,Rural,Monday,2023,17024.48
2023-02-15,3,103,398,0,1,6356.75,Small,Suburban,Wednesday,2023,6007.94
2023-01-10,2,103,400,0,1,18771.29,Medium,Suburban,Tuesday,2023,20895.78
2023-03-11,3,104,361,1,1,16172.32,Medium,Suburban,Saturday,2023,16791.82
2023-03-12,1,104,300,1,0,10577.96,Small,Urban,Sunday,2023,11006.28
2023-01-14,4,104,154,1,1,2385.88,Small,Urban,Saturday,2023,2600.99
2023-03-12,5,102,334,1,1,7638.29,Small,Urban,Sunday,2023,6783.14
2023-04-05,4,101,236,0,0,8241.51,Medium,Rural,Wednesday,2023,7746.93
2023-02-20,2,103,144,0,1,3925.91,Medium,Urban,Monday,2023,3989.04
2023-01-20,5,105,318,0,1,3737.62,Medium,Suburban,Friday,2023,3925.5
2023-04-10,2,103,313,0,1,7408.65,Small,Urban,Monday,2023,6041.69
2023-01-22,5,105,488,0,0,16838.48,Small,Suburban,Sunday,2023,19230.87
2023-02-24,1,102,201,0,0,3458.16,Small,Rural,Friday,2023,3480.91
2023-02-20,3,104,326,1,0,15991.51,Large,Urban,Monday,2023,13213.19
2023-02-21,3,101,285,1,0,8725.75,Large,Urban,Tuesday,2023,10165.28
2023-03-17,5,101,59,1,0,682.29,Medium,Rural,Friday,2023,682.89
2023-02-17,3,101,383,0,0,4379.57,Large,Suburban,Friday,2023,5131.73
2023-02-23,1,104,97,1,0,1966.98,Medium,Rural,Thursday,2023,2238.57
2023-02-25,4,102,442,0,1,13007.31,Medium,Suburban,Saturday,2023,12847.87
2023-03-17,2,104,147,1,1,6954.63,Large,Urban,Friday,2023,7035.59
2023-01-21,3,104,373,0,1,17973.51,Large,Urban,Saturday,2023,21453.62
2023-04-09,4,101,408,1,1,17847.92,Large,Rural,Sunday,2023,20395.11
2023-02-02,2,102,488,0,1,17319.91,Medium,Rural,Thursday,2023,16126.22
2023-03-12,2,104,271,1,1,11676.44,Small,Suburban,Sunday,2023,13611.29
2023-02-13,1,101,239,1,0,4316.68,Medium,Urban,Monday,2023,4852.75
2023-01-01,1,103,175,1,1,6289.23,Small,Suburban,Sunday,2023,6522.99
2023-03-01,1,105,236,0,0,9516.43,Large,Urban,Wednesday,2023,7781.89
2023-02-06,2,101,108,1,1,1680.2,Medium,Rural,Monday,2023,2009.47
2023-01-02,2,104,147,0,0,2888.59,Large,Suburban,Monday,2023,2357.38
2023-02-24,5,102,465,0,1,6586.03,Medium,Suburban,Friday,2023,7854.47
2023-03-13,5,105,451,0,0,18223.65,Large,Suburban,Monday,2023,21811.18
2023-01-14,3,102,333,1,1,8673.78,Medium,Urban,Saturday,2023,8479.15
2023-03-28,2,104,285,1,1,11341.85,Large,Rural,Tuesday,2023,12685.72
2023-03-08,1,101,262,1,0,3784.56,Large,Suburban,Wednesday,2023,4517.28
2023-03-29,2,102,72,0,0,2589.08,Large,Suburban,Wednesday,2023,3033.78
2023-04-10,4,103,186,0,1,3128.84,Medium,Suburban,Monday,2023,2558.03
2023-03-12,5,103,276,0,1,8021.63,Large,Suburban,Sunday,2023,7468.33
2023-02-02,5,101,368,1,0,17153.86,Large,Urban,Thursday,2023,18940.98
2023-03-03,2,105,359,0,0,8953.7,Small,Urban,Friday,2023,8239.17
2023-01-15,3,104,162,0,0,5699.11,Small,Urban,Sunday,2023,4672.29
2023-03-03,3,105,280,1,1,4352.3,Small,Rural,Friday,2023,4363.42
2023-01-16,1,104,432,0,1,8696.48,Small,Rural,Monday,2023,10110.83
2023-04-04,1,104,371,0,1,7970.55,Small,Urban,Tuesday,2023,8007.38
2023-02-09,4,103,80,1,1,1692.97,Small,Urban,Thursday,2023,1500.95
2023-03-20,2,105,92,0,0,1664.6,Large,Rural,Monday,2023,1729.03
2023-03-18,4,105,70,1,0,1437.11,Medium,Rural,Saturday,2023,1534.28
2023-02-06,4,103,468,1,0,11838.09,Large,Suburban,Monday,2023,11875.72
2023-04-10,4,102,401,0,0,12311.05,Medium,Urban,Monday,2023,10080.66
2023-01-31,1,102,287,0,0,6701.58,Small,Urban,Tuesday,2023,6667.6
2023-03-22,2,102,180,1,0,8395.46,Medium,Suburban,Wednesday,2023,8879.4
2023-03-04,3,101,455,0,0,5197.18,Medium,Urban,Saturday,2023,5348.35
2023-02-22,2,103,111,0,0,2875.01,Large,Suburban,Wednesday,2023,2306.59
2023-03-27,2,101,376,1,0,11941.24,Small,Suburban,Monday,2023,13454.15
2023-01-09,3,101,311,0,0,4422.61,Small,Rural,Monday,2023,5290.09
2023-03-14,4,105,103,1,0,3736.44,Medium,Suburban,Tuesday,2023,3507.54
2023-01-19,5,101,302,1,0,5319.08,Large,Suburban,Thursday,2023,5149.04
2023-02-20,2,102,67,0,1,1819.77,Large,Urban,Monday,2023,1566.06
2023-03-21,5,101,437,1,1,9678.33,Small,Suburban,Tuesday,2023,8177.52
2023-02-12,2,103,77,1,0,1492.47,Small,Rural,Sunday,2023,1467.52
2023-02-22,1,104,234,1,1,5742.59,Large,Rural,Wednesday,2023,5376.82
2023-01-15,3,103,113,1,1,5232.51,Small,Urban,Sunday,2023,5131.84
2023-02-06,3,103,186,0,0,3694.29,Medium,Urban,Monday,2023,3731.12
2023-04-05,1,102,187,1,0,2224.76,Medium,Urban,Wednesday,2023,1916.39
2023-02-04,1,104,406,1,0,10775.41,Medium,Urban,Saturday,2023,12585.39
2023-01-23,4,102,434,1,0,8681.35,Medium,Suburban,Monday,2023,9433.49
2023-01-01,3,102,194,1,0,9007.04,Large,Urban,Sunday,2023,10001.32
2023-02-09,1,105,130,1,1,4272.66,Large,Urban,Thursday,2023,5003.45
2023-02-06,5,103,425,0,0,19288.94,Small,Rural,Monday,2023,19832.74
2023-02-18,1,104,436,0,0,17762.69,Medium,Urban,Saturday,2023,20632.19
2023-01-15,2,103,89,0,0,3603.66,Small,Rural,Sunday,2023,3408.69
2023-04-10,1,105,219,0,1,6751.82,Large,Suburban,Monday,2023,6834.84
2023-02-05,3,104,289,0,1,4657.97,Small,Suburban,Sunday,2023,4211.79
2023-02-01,4,105,239,0,1,6082.73,Medium,Suburban,Wednesday,2023,6174.32
2023-03-03,5,104,413,1,0,13169.8,Large,Suburban,Friday,2023,11989.73
2023-02-04,4,101,335,0,0,14255.23,Small,Suburban,Saturday,2023,14119.79
2023-02-17,5,101,482,1,0,21388.15,Large,Urban,Friday,2023,24974.94
2023-03-19,3,101,157,1,1,4944.43,Small,Suburban,Sunday,2023,4995.29
2023-01-01,3,102,85,1,1,2910.78,Large,Rural,Sunday,2023,3441.47
2023-03-15,5,101,486,0,1,7890.48,Large,Suburban,Wednesday,2023,8532.15
2023-02-08,5,104,474,1,0,5378.52,Medium,Suburban,Wednesday,2023,4355.8
2023-03-16,5,103,495,1,0,8569.14,Small,Suburban,Thursday,2023,7479.65
2023-02-18,4,105,437,0,0,12810.5,Medium,Rural,Saturday,2023,14558.49
2023-02-02,3,101,109,0,0,2530.71,Medium,Urban,Thursday,2023,2778.25
2023-01-17,1,103,392,1,1,10377.64,Small,Rural,Tuesday,2023,10585.12
2023-01-06,1,101,122,0,1,1475.25,Large,Suburban,Friday,2023,1615.42
2023-02-14,4,103,69,1,1,3157.35,Large,Rural,Tuesday,2023,2898.14
2023-03-23,2,101,450,1,0,16200.13,Large,Suburban,Thursday,2023,14094.35
2023-03-15,2,103,427,0,1,9944.85,Large,Suburban,Wednesday,2023,9196.92
2023-03-11,3,105,422,0,1,11690.5,Medium,Urban,Saturday,2023,13122.98
2023-03-03,4,105,316,1,0,14756.18,Medium,Urban,Friday,2023,13896.61
2023-03-13,1,104,192,1,0,5863.56,Large,Suburban,Monday,2023,4725.67
2023-02-26,2,105,446,0,1,14673.76,Medium,Suburban,Sunday,2023,16721.74
2023-02-27,2,105,400,0,0,16177.44,Large,Rural,Monday,2023,17412.81
2023-03-21,2,105,330,0,1,11339.26,Medium,Rural,Tuesday,2023,11356.27
2023-01-15,5,105,87,1,1,3964.44,Large,Suburban,Sunday,2023,4244.34
2023-01-01,3,102,500,0,0,10385.28,Large,Urban,Sunday,2023,8954.8
2023-02-25,5,102,78,1,1,2996.94,Large,Rural,Saturday,2023,2915.65
2023-03-30,4,102,378,0,0,6639.41,Large,Urban,Thursday,2023,7645.4
2023-03-23,5,104,360,1,0,14210.4,Large,Rural,Thursday,2023,16137.26
2023-03-25,3,102,106,0,1,4021.08,Large,Urban,Saturday,2023,4235.32
2023-01-04,1,103,204,1,0,5080.28,Large,Rural,Wednesday,2023,5010.75
2023-01-28,4,102,266,0,0,7180.05,Small,Rural,Saturday,2023,8321.91
2023-03-14,5,103,217,0,1,6753.86,Small,Rural,Tuesday,2023,7236.36
2023-02-27,2,102,499,1,0,6993.51,Medium,Urban,Monday,2023,6385.57
2023-03-30,3,101,293,1,1,6222.28,Medium,Suburban,Thursday,2023,6090.22
2023-03-08,3,105,153,1,0,6212.03,Medium,Suburban,Wednesday,2023,6623.57
2023-01-30,3,105,405,1,0,10097.24,Small,Suburban,Monday,2023,9154.12
2023-01-03,3,102,363,0,0,6767.99,Medium,Urban,Tuesday,2023,6069.76
2023-03-19,3,101,128,0,1,4109.72,Small,Rural,Sunday,2023,4125.81
2023-01-05,2,102,321,1,1,15371.35,Small,Suburban,Thursday,2023,17851.16
2023-03-13,1,101,420,0,0,14775.06,Medium,Suburban,Monday,2023,12895.88
2023-02-16,4,102,175,0,1,8532.47,Large,Suburban,Thursday,2023,9905.3
2023-04-03,4,104,450,1,1,12298.41,Large,Rural,Monday,2023,13084.01
2023-03-15,1,102,328,1,0,9076.07,Small,Urban,Wednesday,2023,7985.25
2023-01-05,5,103,153,0,1,6668.23,Small,Suburban,Thursday,2023,6680.52
2023-03-15,4,102,416,0,1,17691.57,Medium,Urban,Wednesday,2023,17018.08
2023-01-08,5,105,459,0,1,6397.32,Small,Urban,Sunday,2023,5272.5
2023-02-13,3,105,89,1,0,1522.63,Large,Rural,Monday,2023,1371.63
2023-02-12,2,103,247,1,0,4303.18,Small,Suburban,Sunday,2023,4970.71
2023-03-16,2,105,383,0,1,17139.74,Small,Suburban,Thursday,2023,20044.87
2023-02-12,5,101,119,0,0,2605.05,Large,Rural,Sunday,2023,2117.95
2023-01-28,1,104,201,1,1,5110.38,Medium,Suburban,Saturday,2023,5238.49
2023-02-01,5,102,245,1,1,3741.15,Large,Suburban,Wednesday,2023,3523.42
2023-03-06,3,105,393,0,0,12168.71,Small,Rural,Monday,2023,12256.6
2023-02-21,4,105,60,1,1,906.75,Medium,Suburban,Tuesday,2023,1045.14
2023-03-11,1,101,225,0,1,9723.12,Medium,Urban,Saturday,2023,9956.24
2023-01-08,5,102,394,0,0,6579.23,Small,Urban,Sunday,2023,6142.39
2023-01-13,1,103,449,0,1,18996.26,Large,Suburban,Friday,2023,19167.87
2023-02-14,1,102,329,0,1,16268.04,Large,Suburban,Tuesday,2023,14060.74
2023-01-20,2,102,466,1,1,20288.41,Small,Rural,Friday,2023,19132.13
2023-02-22,5,103,208,1,0,2998.57,Large,Rural,Wednesday,2023,3348.37
2023-01-12,1,102,105,1,1,2837.29,Small,Rural,Thursday,2023,2941.25
2023-03-28,1,105,314,0,0,11549.91,Small,Suburban,Tuesday,2023,12111.89
2023-01-18,2,101,83,0,0,3114.38,Large,Rural,Wednesday,2023,2629.26
2023-04-10,4,101,190,0,0,7911.76,Medium,Rural,Monday,2023,7125.26
2023-04-09,4,102,400,1,1,7607.48,Large,Rural,Sunday,2023,6982.23
2023-03-24,2,103,221,1,0,5074.25,Medium,Suburban,Friday,2023,4629.65
2023-01-05,3,101,352,1,1,5758.13,Small,Suburban,Thursday,2023,5572.06
2023-02-14,2,103,158,0,0,7572.77,Small,Rural,Tuesday,2023,7478.71
2023-02-01,4,105,82,0,0,3600.44,Medium,Suburban,Wednesday,2023,3201.62
2023-03-22,1,103,415,0,1,11764.77,Large,Suburban,Wednesday,2023,10783.94
2023-01-10,3,104,480,0,1,13547.37,Small,Rural,Tuesday,2023,14346.36
2023-02-08,4,101,197,0,0,2548.02,Large,Rural,Wednesday,2023,3055.78
2023-03-02,2,101,395,0,0,12813.68,Large,Urban,Thursday,2023,10931.12
2023-02-27,2,102,169,0,1,6911.38,Medium,Urban,Monday,2023,7695.71
2023-03-30,2,104,330,1,0,5726.89,Small,Rural,Thursday,2023,6448.86
2023-02-13,2,105,440,1,1,19293.7,Large,Urban,Monday,2023,19062.95
2023-04-10,1,101,94,0,1,3510.12,Large,Urban,Monday,2023,3045.95
2023-03-04,2,101,378,1,1,17881.16,Small,Urban,Saturday,2023,19103.49
2023-02-17,5,102,133,1,1,4598.23,Large,Urban,Friday,2023,4877.55
2023-03-11,1,102,199,1,1,7968.35,Medium,Suburban,Saturday,2023,9491.74
2023-02-21,2,105,449,1,0,16657.9,Medium,Urban,Tuesday,2023,18535.08
2023-02-08,4,103,443,0,1,15727.09,Large,Urban,Wednesday,2023,13449.2
2023-03-15,3,101,50,1,0,2269.78,Medium,Rural,Wednesday,2023,2577.43
2023-01-28,1,105,283,1,0,5747.73,Small,Urban,Saturday,2023,4679.41
2023-01-28,1,102,311,1,0,3611.31,Large,Rural,Saturday,2023,3075.27
2023-03-17,1,105,347,1,0,11674.69,Large,Suburban,Friday,2023,10854.63
2023-03-26,3,101,319,1,1,11259.12,Medium,Suburban,Sunday,2023,10338.95
2023-02-16,2,103,310,1,1,14265.38,Medium,Suburban,Thursday,2023,11555.86
2023-02-11,3,102,476,0,0,6049.5,Small,Suburban,Saturday,2023,5074.33
2023-04-05,5,104,306,0,1,14318.21,Small,Urban,Wednesday,2023,16501.49
2023-01-28,4,105,88,1,0,4097.02,Large,Rural,Saturday,2023,4723.72
2023-02-02,1,103,181,1,1,4484.24,Medium,Rural,Thursday,2023,4457.9
2023-03-15,4,103,287,0,0,13011.41,Small,Suburban,Wednesday,2023,12759.61
2023-03-04,3,101,212,0,0,7564.29,Small,Suburban,Saturday,2023,8128.06
2023-04-10,4,102,498,1,0,9928.46,Medium,Urban,Monday,2023,10618.95
2023-02-15,3,101,67,1,1,1459.64,Large,Urban,Wednesday,2023,1314.07
2023-01-10,1,102,232,1,1,3847.71,Small,Urban,Tuesday,2023,3934.07
2023-01-14,3,102,111,0,1,5231.0,Small,Urban,Saturday,2023,5379.72
2023-03-04,4,102,209,1,0,2903.6,Medium,Urban,Saturday,2023,3210.41
2023-03-22,2,102,315,0,0,9616.26,Large,Suburban,Wednesday,2023,8800.12
2023-01-15,3,105,157,1,0,7379.99,Large,Suburban,Sunday,2023,6397.02
2023-02-20,2,105,317,0,1,14079.65,Large,Suburban,Monday,2023,11945.07
2023-03-26,1,103,349,0,1,13389.82,Small,Rural,Sunday,2023,15400.44
2023-01-14,4,103,332,1,0,8454.07,Medium,Urban,Saturday,2023,6801.91
2023-01-05,1,105,479,1,0,11038.47,Small,Urban,Thursday,2023,13172.78
2023-03-21,1,103,374,1,0,12623.58,Small,Urban,Tuesday,2023,13689.15
2023-01-01,4,105,109,0,1,2909.15,Medium,Urban,Sunday,2023,3223.65
2023-01-09,1,101,267,0,0,4293.76,Large,Urban,Monday,2023,3974.16
2023-01-16,4,105,145,0,0,6527.55,Medium,Urban,Monday,2023,6462.95
2023-02-11,2,104,417,0,1,6597.48,Small,Rural,Saturday,2023,6948.81
2023-01-12,2,101,258,0,1,8616.16,Medium,Suburban,Thursday,2023,7528.22
2023-03-07,2,104,210,0,1,5284.43,Small,Suburban,Tuesday,2023,5191.38
2023-01-21,2,103,440,0,0,8781.72,Medium,Rural,Saturday,2023,7635.53
2023-02-06,3,103,83,0,1,2108.1,Medium,Suburban,Monday,2023,2490.51
2023-04-01,5,102,408,1,0,16145.12,Large,Urban,Saturday,2023,13637.29
2023-01-31,2,104,165,0,0,7151.88,Large,Rural,Tuesday,2023,6581.61
2023-01-18,4,102,339,1,0,7685.64,Large,Urban,Wednesday,2023,9118.09
2023-01-08,2,103,189,1,1,1977.93,Large,Urban,Sunday,2023,2307.54
2023-01-14,1,101,412,0,0,10310.26,Medium,Suburban,Saturday,2023,11940.43
2023-03-09,3,103,139,0,1,2224.96,Small,Suburban,Thursday,2023,2651.36
2023-01-09,1,101,85,0,0,1976.96,Small,Urban,Monday,2023,2224.38
2023-01-18,2,104,426,1,0,16014.83,Large,Urban,Wednesday,2023,19182.0
2023-01-12,3,101,303,1,1,6018.01,Large,Rural,Thursday,2023,6076.57
2023-01-13,5,105,199,1,1,2263.68,Large,Urban,Friday,2023,2581.07
2023-02-27,2,102,165,1,1,1779.63,Medium,Urban,Monday,2023,1515.21
2023-03-23,5,101,384,1,1,7629.42,Large,Suburban,Thursday,2023,7610.7
2023-03-22,2,101,178,1,0,7273.76,Small,Urban,Wednesday,2023,6137.98
2023-04-05,2,103,211,0,1,8897.67,Medium,Suburban,Wednesday,2023,9734.38
2023-03-19,4,105,101,1,1,1026.62,Medium,Rural,Sunday,2023,1197.29
2023-03-16,2,105,479,1,1,5668.78,Medium,Rural,Thursday,2023,6170.65
2023-03-02,3,103,156,0,0,1878.99,Large,Urban,Thursday,2023,2028.61
2023-03-03,4,103,258,1,1,10094.49,Large,Urban,Friday,2023,11137.99
2023-04-06,1,101,135,1,1,4187.3,Small,Urban,Thursday,2023,3744.89
2023-01-29,5,105,468,0,0,21726.92,Medium,Suburban,Sunday,2023,22146.15
2023-03-03,1,102,332,0,1,14733.22,Small,Urban,Friday,2023,12023.99
2023-01-09,4,102,105,0,0,4263.4,Medium,Rural,Monday,2023,5047.66
2023-03-17,4,102,52,1,0,952.44,Small,Rural,Friday,2023,901.25
2023-02-13,3,104,315,0,1,3367.67,Medium,Rural,Monday,2023,3939.74
2023-03-26,5,103,308,1,1,10747.14,Large,Rural,Sunday,2023,9372.02
2023-04-03,3,103,265,1,0,5283.63,Medium,Rural,Monday,2023,4362.12
2023-04-08,3,104,234,0,0,7787.09,Medium,Rural,Saturday,2023,6866.75
2023-02-23,5,104,133,1,0,6126.75,Medium,Rural,Thursday,2023,7075.4
2023-02-09,5,105,70,1,0,2857.04,Large,Rural,Thursday,2023,2464.36
2023-03-07,1,103,242,1,1,5663.75,Large,Suburban,Tuesday,2023,5620.06
2023-02-26,5,104,50,1,1,2266.73,Small,Urban,Sunday,2023,2126.64
2023-03-23,5,103,61,0,1,1890.72,Small,Rural,Thursday,2023,1765.64
2023-01-12,3,105,400,1,1,9405.07,Small,Rural,Thursday,2023,10742.46
2023-01-31,5,101,233,0,0,4929.87,Large,Urban,Tuesday,2023,5247.22
2023-01-14,2,105,378,0,0,4673.49,Large,Urban,Saturday,2023,4487.7
2023-03-19,5,104,398,0,0,11026.39,Large,Urban,Sunday,2023,11257.46
2023-02-10,3,103,213,0,1,6325.52,Medium,Suburban,Friday,2023,5633.27
2023-03-22,5,102,155,0,1,5218.94,Large,Suburban,Wednesday,2023,4802.94
2023-02-28,3,101,239,0,0,10533.82,Small,Suburban,Tuesday,2023,10987.07
2023-03-30,2,103,215,0,1,5791.12,Medium,Urban,Thursday,2023,5494.25
2023-02-16,4,105,467,0,1,10175.04,Medium,Suburban,Thursday,2023,9920.56
2023-04-08,1,103,360,0,0,14975.76,Large,Rural,Saturday,2023,13739.95
2023-02-14,1,101,379,1,1,10800.27,Medium,Urban,Tuesday,2023,12409.42
2023-02-06,3,105,75,0,0,1688.94,Medium,Urban,Monday,2023,2021.92
2023-03-10,3,101,187,1,0,3750.91,Small,Rural,Friday,2023,4186.88
2023-02-17,3,102,309,1,0,9389.12,Small,Rural,Friday,2023,7511.8
2023-03-21,1,101,163,0,1,5207.06,Small,Rural,Tuesday,2023,5412.75
2023-01-15,4,102,161,0,1,6248.49,Small,Suburban,Sunday,2023,6130.59
2023-01-14,4,103,294,1,0,10972.62,Large,Suburban,Saturday,2023,10706.41
2023-04-02,3,103,302,0,1,11841.92,Medium,Urban,Sunday,2023,13056.77
2023-04-05,4,101,250,1,1,6241.41,Small,Rural,Wednesday,2023,7259.92
2023-03-24,1,102,379,0,0,17697.71,Small,Rural,Friday,2023,15895.32
2023-02-22,1,104,247,0,1,5750.63,Medium,Suburban,Wednesday,2023,5857.16
2023-04-02,1,104,231,1,0,4205.41,Small,Rural,Sunday,2023,3855.11
2023-01-14,3,101,166,1,0,5805.19,Large,Rural,Saturday,2023,4907.77
2023-03-06,3,104,345,1,0,10924.11,Large,Rural,Monday,2023,11624.37
2023-01-19,3,101,427,0,0,18622.27,Medium,Suburban,Thursday,2023,17899.2
2023-03-08,4,103,497,1,1,9327.03,Small,Suburban,Wednesday,2023,10960.86
2023-03-05,5,105,303,1,0,6758.23,Medium,Urban,Sunday,2023,5810.44
2023-02-26,5,103,471,0,1,4751.07,Small,Rural,Sunday,2023,5389.71
2023-02-02,1,101,378,1,1,10432.05,Large,Rural,Thursday,2023,8638.54
2023-01-04,1,102,268,0,0,6040.94,Small,Suburban,Wednesday,2023,6054.38
2023-02-12,5,101,258,1,0,4075.33,Large,Rural,Sunday,2023,4755.1
2023-04-09,1,102,356,1,1,5061.51,Large,Urban,Sunday,2023,4694.89
2023-02-12,5,104,310,0,1,4285.37,Medium,Rural,Sunday,2023,4250.84
2023-03-16,2,101,306,1,1,14870.89,Large,Rural,Thursday,2023,17135.52
2023-01-29,4,104,395,0,1,10744.8,Medium,Suburban,Sunday,2023,10744.22
2023-03-21,2,102,425,1,0,18437.04,Large,Urban,Tuesday,2023,18065.3
2023-01-12,3,104,414,0,1,19581.13,Medium,Suburban,Thursday,2023,18687.32
2023-02-24,1,103,262,1,1,10530.6,Large,Suburban,Friday,2023,11900.09
2023-03-08,4,105,285,0,0,11695.49,Small,Rural,Wednesday,2023,12921.35
2023-02-13,2,105,369,1,0,14686.15,Large,Urban,Monday,2023,14142.13
2023-01-03,3,105,91,1,0,3770.12,Small,Suburban,Tuesday,2023,3968.98
2023-03-05,5,101,463,0,0,19744.91,Large,Suburban,Sunday,2023,22934.61
2023-01-26,3,104,262,1,0,9011.02,Medium,Suburban,Thursday,2023,7600.0
2023-04-05,2,102,170,0,0,2982.26,Large,Rural,Wednesday,2023,2951.41
2023-03-02,3,102,356,0,1,8012.88,Medium,Urban,Thursday,2023,8424.83
2023-01-03,2,104,219,1,1,8118.59,Medium,Rural,Tuesday,2023,7472.33
2023-01-26,1,105,303,0,0,13720.24,Small,Rural,Thursday,2023,12186.36
2023-03-12,5,103,466,0,0,15833.47,Medium,Rural,Sunday,2023,15272.24
2023-02-11,3,104,411,1,0,16266.94,Small,Rural,Saturday,2023,19202.53
2023-03-22,4,105,213,0,1,8236.55,Small,Suburban,Wednesday,2023,8755.41
2023-01-17,4,103,484,1,1,11517.35,Small,Urban,Tuesday,2023,9560.9
2023-03-02,1,103,458,0,1,10719.81,Small,Urban,Thursday,2023,12323.93
2023-01-18,2,104,457,1,1,7256.05,Small,Suburban,Wednesday,2023,7231.43
2023-03-26,2,101,223,0,0,5869.58,Medium,Rural,Sunday,2023,5408.37
2023-01-27,5,105,116,1,1,3668.82,Medium,Suburban,Friday,2023,4196.36
2023-01-02,2,104,134,0,0,4357.06,Large,Urban,Monday,2023,3916.94
2023-02-11,4,102,427,0,0,7504.83,Large,Rural,Saturday,2023,8656.02
2023-01-16,1,102,353,0,0,7575.36,Large,Urban,Monday,2023,6556.0
2023-03-06,3,105,418,1,1,5416.58,Medium,Suburban,Monday,2023,5549.6
2023-03-02,4,104,326,0,1,7771.69,Medium,Urban,Thursday,2023,7820.74
2023-02-28,4,101,278,1,1,5505.13,Large,Rural,Tuesday,2023,4956.88
2023-03-16,4,105,382,1,0,18204.16,Medium,Suburban,Thursday,2023,18530.28
2023-03-16,4,105,335,1,1,4973.85,Medium,Urban,Thursday,2023,4941.85
2023-02-07,3,101,91,1,0,2631.04,Large,Rural,Tuesday,2023,3155.96
2023-04-08,4,101,134,0,0,2997.06,Medium,Rural,Saturday,2023,3326.03
2023-01-02,2,104,82,1,0,1976.7,Large,Urban,Monday,2023,1960.77
2023-02-23,5,103,101,1,1,3602.52,Small,Urban,Thursday,2023,3737.38
2023-01-21,2,103,298,1,0,7750.39,Small,Suburban,Saturday,2023,8927.2
2023-02-15,3,104,96,1,1,3217.86,Large,Rural,Wednesday,2023,3424.07
2023-02-09,2,101,58,1,1,1233.31,Small,Suburban,Thursday,2023,1392.85
2023-03-18,1,105,470,0,1,8608.95,Small,Suburban,Saturday,2023,9452.97
2023-02-08,5,103,159,0,0,3650.69,Large,Urban,Wednesday,2023,3170.31
2023-02-10,2,102,347,0,1,8556.31,Medium,Suburban,Friday,2023,10150.78
2023-03-04,1,105,363,0,1,6456.96,Small,Rural,Saturday,2023,6034.61
2023-03-30,1,104,149,0,1,2929.97,Medium,Suburban,Thursday,2023,2951.76
2023-01-04,3,105,151,0,1,5546.42,Small,Rural,Wednesday,2023,4935.68
2023-01-22,5,103,123,1,1,3949.05,Large,Urban,Sunday,2023,4695.58
2023-01-26,5,105,364,1,1,13572.27,Large,Rural,Thursday,2023,14676.15
2023-02-15,3,105,364,1,1,7746.07,Small,Suburban,Wednesday,2023,7992.0
2023-01-07,5,104,252,0,1,9310.15,Large,Urban,Saturday,2023,7752.66
2023-04-01,2,102,392,1,0,9819.24,Medium,Urban,Saturday,2023,9908.92
2023-03-03,2,101,286,1,0,5377.36,Small,Suburban,Friday,2023,5142.37
2023-03-19,4,103,414,0,0,16240.96,Small,Rural,Sunday,2023,13575.75
2023-03-10,4,101,379,0,1,11511.81,Small,Urban,Friday,2023,13679.94
2023-03-07,4,103,414,0,0,19575.58,Medium,Rural,Tuesday,2023,20962.48
2023-02-27,2,103,71,1,1,2615.68,Medium,Urban,Monday,2023,3007.63
2023-03-27,2,105,84,0,1,1388.09,Large,Rural,Monday,2023,1307.16
